MinApi,MinDriver,Brand,Device,Manufacturer,Model Name,RAM (TotalMem),Form Factor,System on Chip,GPU,Screen Sizes,Screen Densities,ABIs,Android SDK Versions,OpenGL ES Versions,Install base,User-perceived ANR rate,User-perceived crash rate,Slow session rate (30 FPS),Slow session rate (20 FPS)
33,0,asus,ASUS_AI2203,Asus,ROG Phone 6D Ultimate,16169MB,Phone,Mediatek MT6983,10x ARM Mali G710 (848 MHz),1080x2448,420,arm64-v8a;armeabi;armeabi-v7a,33,3.2,0,0.00%,0.00%,0.00%,0.00%
34,0,OnePlus,OP556FL1,OnePlus,OnePlus Nord 3 5G,7730-16190MB,Phone,Mediatek MT6983,10x ARM Mali G710 (848 MHz),1240x2772,560,arm64-v8a;armeabi;armeabi-v7a,33;34,3.2,0,0.00%,0.00%,0.00%,0.00%
34,0,OnePlus,OP5927,OnePlus,PHP110,16192MB,Phone,Mediatek MT6983,10x ARM Mali G710 (848 MHz),1240x2772,560,arm64-v8a;armeabi;armeabi-v7a,34,3.2,0,0.00%,0.00%,0.00%,0.00%
34,0,OnePlus,OP59BCL1,OnePlus,OnePlus Pad,12216MB,Tablet,Mediatek MT8798Z/CNZA,10x ARM Mali G710 (848 MHz),2000x2800,400,arm64-v8a;armeabi;armeabi-v7a,34,3.2,0,0.00%,0.00%,0.00%,0.00%
34,0,OPPO,OP520F,Oppo,PFFM20,11948MB,Phone,Mediatek MT6983,10x ARM Mali G710 (848 MHz),1440x3216,480,arm64-v8a;armeabi;armeabi-v7a,34,3.2,0,0.00%,0.00%,0.00%,0.00%
34,0,OPPO,OP56CDL1,Oppo,Find N2 Flip,7733MB,Phone,Mediatek MT6983,10x ARM Mali G710 (848 MHz),1080x2520,480,arm64-v8a;armeabi;armeabi-v7a,34,3.2,0,0.00%,0.00%,0.00%,0.00%
34,0,OPPO,OP5989,Oppo,OPPO Pad 2,8009MB,Tablet,Mediatek MT8798Z/CNZA,10x ARM Mali G710 (848 MHz),2000x2800,400,arm64-v8a;armeabi;armeabi-v7a,34,3.2,0,0.00%,0.00%,0.00%,0.00%
34,0,OPPO,OP59BBL1,Oppo,OPPO Pad 2,8009MB,Tablet,Mediatek MT8798Z/CNZA,10x ARM Mali G710 (848 MHz),2000x2800,400,arm64-v8a;armeabi;armeabi-v7a,34,3.2,0,0.00%,0.00%,0.00%,0.00%
33,0,TECNO,TECNO-AD8,Tecno,PHANTOM X2 5G,7760MB,Phone,Mediatek MT6983Z/CZA,10x ARM Mali G710 (848 MHz),1080x2400,480,arm64-v8a;armeabi;armeabi-v7a,33,3.2,0,0.00%,0.00%,0.00%,0.00%
33,0,TECNO,TECNO-AD9,Tecno,PHANTOM X2 Pro 5G,11967MB,Phone,Mediatek MT6983Z/CZA,10x ARM Mali G710 (848 MHz),1080x2400,480,arm64-v8a;armeabi;armeabi-v7a,33,3.2,0,0.00%,0.00%,0.00%,0.00%
33,0,vivo,DPD2221,Vivo,vivo Pad2,8115MB,Tablet,Mediatek MT8798Z/CNZA,10x ARM Mali G710 (848 MHz),1968x2800,400,arm64-v8a;armeabi;armeabi-v7a,33,3.2,0,0.00%,0.00%,0.00%,0.00%
33,0,vivo,DPD2307,Vivo,iQOO Pad,12321MB,Tablet,Mediatek MT8798Z/TNZA,10x ARM Mali G710 (848 MHz),1968x2800,400,arm64-v8a;armeabi;armeabi-v7a,33,3.2,0,0.00%,0.00%,0.00%,0.00%
34,0,vivo,PD2183,Vivo,vivo X80,11970MB,Phone,Mediatek MT6983,10x ARM Mali G710 (848 MHz),1080x2400,480,arm64-v8a;armeabi;armeabi-v7a,34,3.2,0,0.00%,0.00%,0.00%,0.00%
34,0,vivo,V2144,Vivo,X80,7768MB,Phone,Mediatek MT6983,10x ARM Mali G710 (848 MHz),1080x2400,440,arm64-v8a;armeabi;armeabi-v7a,34,3.2,0,0.00%,0.00%,0.00%,0.00%
33,0,TECNO,TECNO-AD10,Tecno,TECNO PHANTOM V Fold,11969MB,Tablet,Mediatek MT6983Z/TCZA,10x ARM Mali G710 (955 MHz),2000x2296,480,arm64-v8a;armeabi;armeabi-v7a,33,3.2,0,0.00%,0.00%,0.00%,0.00%
34,0,vivo,PD2231,Vivo,iQOO Neo7,11971MB,Phone,Mediatek MT6983Z/TCZA,10x ARM Mali G710 (955 MHz),1080x2400,480,arm64-v8a;armeabi;armeabi-v7a,34,3.2,0,0.00%,0.00%,0.00%,0.00%
34,0,Xiaomi,daumier,Xiaomi,Xiaomi 12 Pro Dimensity,11959MB,Phone,Mediatek MT6983Z/TCZA,10x ARM Mali G710 (955 MHz),1440x3200,560,arm64-v8a;armeabi;armeabi-v7a,34,3.2,0,0.00%,0.00%,0.00%,0.00%
34,0,OPPO,OP5607L1,Oppo,Find N3 Flip,11932MB,Phone,Mediatek MT6985,11x ARM Mali G715 (981 MHz),1080x2520,480,arm64-v8a;armeabi;armeabi-v7a,34,3.2,0,0.00%,0.00%,0.00%,0.00%
34,0,OPPO,OP56CFL1,Oppo,Find N3 Flip,11931MB,Phone,Mediatek MT6985,11x ARM Mali G715 (981 MHz),1080x2520,480,arm64-v8a;armeabi;armeabi-v7a,34,3.2,0,0.00%,0.00%,0.00%,0.00%
34,0,Redmi,corot,Redmi,Redmi K60 Ultra,16114MB,Phone,Mediatek MT6985,11x ARM Mali G715 (981 MHz),1220x2712,480,arm64-v8a;armeabi;armeabi-v7a,34,3.2,0,0.00%,0.00%,0.00%,0.00%
34,0,vivo,PD2241,Vivo,vivo X90s,11892MB,Phone,Mediatek MT6985,11x ARM Mali G715 (981 MHz),1260x2800,480,arm64-v8a;armeabi;armeabi-v7a,34,3.2,0,0.00%,0.00%,0.00%,0.00%
34,0,vivo,PD2242,Vivo,vivo X90 Pro,11888MB,Phone,Mediatek MT6985,11x ARM Mali G715 (981 MHz),1260x2800,480,arm64-v8a;armeabi;armeabi-v7a,34,3.2,0,0.00%,0.00%,0.00%,0.00%
34,0,vivo,PD2302,Vivo,iQOO Neo8 Pro,16112MB,Phone,Mediatek MT6985,11x ARM Mali G715 (981 MHz),1260x2800,560,arm64-v8a;armeabi;armeabi-v7a,34,3.2,0,0.00%,0.00%,0.00%,0.00%
34,0,vivo,PD2344,Vivo,S18 Pro,16108MB,Phone,Mediatek MT6985,11x ARM Mali G715 (981 MHz),1260x2800,480,arm64-v8a;armeabi;armeabi-v7a,34,3.2,0,0.00%,0.00%,0.00%,0.00%
34,0,vivo,V2218,Vivo,X90,7689-11896MB,Phone,Mediatek MT6985,11x ARM Mali G715 (981 MHz),1260x2800,420,arm64-v8a;armeabi;armeabi-v7a,34,3.2,0,0.00%,0.00%,0.00%,0.00%
34,0,vivo,V2219,Vivo,X90 Pro,11894MB,Phone,Mediatek MT6985,11x ARM Mali G715 (981 MHz),1260x2800,420,arm64-v8a;armeabi;armeabi-v7a,34,3.2,0,0.00%,0.00%,0.00%,0.00%
34,0,Xiaomi,corot,Xiaomi,Xiaomi 13T Pro,11885-16114MB,Phone,Mediatek MT6985,11x ARM Mali G715 (981 MHz),1220x2712,480,arm64-v8a;armeabi;armeabi-v7a,33;34,3.2,0,0.00%,0.00%,0.00%,0.00%
34,0,OPPO,OP5661L1,Oppo,Find X7,16096MB,Phone,Mediatek MT6989,12x ARM Mali G720 (1300 MHz),1264x2780,560,arm64-v8a,34,3.2,0,0.00%,0.00%,0.00%,0.00%
34,0,vivo,PD2309,Vivo,X100,16057MB,Phone,Mediatek MT6989,12x ARM Mali G720 (1300 MHz),1260x2800,560,arm64-v8a;armeabi;armeabi-v7a,34,3.2,0,0.00%,0.00%,0.00%,0.00%
34,0,vivo,V2308,Vivo,X100,11865MB,Phone,Mediatek MT6989,12x ARM Mali G720 (1300 MHz),1260x2800,480,arm64-v8a,34,3.2,0,0.00%,0.00%,0.00%,0.00%
34,0,vivo,V2309,Vivo,X100 Pro,16059MB,Phone,Mediatek MT6989,12x ARM Mali G720 (1300 MHz),1260x2800,480,arm64-v8a,34,3.2,0,0.00%,0.00%,0.00%,0.00%
34,2149654528,iQOO,2012,Vivo,I2012,7969MB,Phone,Qualcomm SM8250ac,3x Qualcomm Adreno 650 (670 MHz),1080x2400,440,arm64-v8a;armeabi;armeabi-v7a,34,3.2,0,0.00%,0.00%,0.00%,0.00%
34,2149654528,iQOO,I2202,Vivo,I2202,7969-12148MB,Phone,Qualcomm SM8250ac,3x Qualcomm Adreno 650 (670 MHz),1080x2400,440,arm64-v8a;armeabi;armeabi-v7a,34,3.2,0,0.00%,0.00%,0.00%,0.00%
33,2149654528,meizu,meizu18X,Meizu,MEIZU 18X,7976MB,Phone,Qualcomm SM8250ac,3x Qualcomm Adreno 650 (670 MHz),1080x2400,480,arm64-v8a;armeabi;armeabi-v7a,33,3.2,0,0.00%,0.00%,0.00%,0.00%
33,2149654528,realme,RE5473,Realme,realme GT Neo 2,7863MB,Phone,Qualcomm SM8250ac,3x Qualcomm Adreno 650 (670 MHz),1080x2400,480,arm64-v8a;armeabi;armeabi-v7a,33,3.2,0,0.00%,0.00%,0.00%,0.00%
34,2149654528,realme,RE5477,realme,realme Q5 Pro,7885MB,Phone,Qualcomm SM8250ac,3x Qualcomm Adreno 650 (670 MHz),1080x2400,480,arm64-v8a;armeabi;armeabi-v7a,34,3.2,0,0.00%,0.00%,0.00%,0.00%
34,2149654528,realme,RE54E4L1,realme,realme GT NEO 3T,5789-7885MB,Phone,Qualcomm SM8250ac,3x Qualcomm Adreno 650 (670 MHz),1080x2400,480,arm64-v8a;armeabi;armeabi-v7a,34,3.2,0,0.00%,0.00%,0.00%,0.00%
33,2149654528,realme,RE879AL1,realme,realme GT Neo2 5G	,7863-12043MB,Phone,Qualcomm SM8250ac,3x Qualcomm Adreno 650 (670 MHz),1080x2400,480,arm64-v8a;armeabi;armeabi-v7a,33,3.2,0,0.00%,0.00%,0.00%,0.00%
34,2149654528,vivo,2045,Vivo,V2045,7970-7972MB,Phone,Qualcomm SM8250ac,3x Qualcomm Adreno 650 (670 MHz),1080x2376,440,arm64-v8a;armeabi;armeabi-v7a,33;34,3.2,0,0.00%,0.00%,0.00%,0.00%
34,2149654528,vivo,2046,Vivo,V2046,12151MB,Phone,Qualcomm SM8250ac,3x Qualcomm Adreno 650 (670 MHz),1080x2376,440,arm64-v8a;armeabi;armeabi-v7a,34,3.2,0,0.00%,0.00%,0.00%,0.00%
33,2149654528,vivo,DPD2106,Vivo,PA2170,7972MB,Tablet,Qualcomm SM8250ac,3x Qualcomm Adreno 650 (670 MHz),1600x2560,400,arm64-v8a;armeabi;armeabi-v7a,33,3.2,0,0.00%,0.00%,0.00%,0.00%
33,2149654528,vivo,DPD2305,Vivo,iQOO Pad Air,7969MB,Tablet,Qualcomm SM8250ac,3x Qualcomm Adreno 650 (670 MHz),1840x2800,400,arm64-v8a;armeabi;armeabi-v7a,33,3.2,0,0.00%,0.00%,0.00%,0.00%
33,2149654528,vivo,PD2055,Vivo,V2055A,12149MB,Phone,Qualcomm SM8250ac,3x Qualcomm Adreno 650 (670 MHz),1080x2400,480,arm64-v8a;armeabi;armeabi-v7a,33,3.2,0,0.00%,0.00%,0.00%,0.00%
33,2149654528,vivo,PD2118,Vivo,V2118A,7971MB,Phone,Qualcomm SM8250ac,3x Qualcomm Adreno 650 (670 MHz),1080x2408,480,arm64-v8a;armeabi;armeabi-v7a,33,3.2,0,0.00%,0.00%,0.00%,0.00%
33,2149654528,vivo,PD2157,Vivo,V2157A,7970MB,Phone,Qualcomm SM8250ac,3x Qualcomm Adreno 650 (670 MHz),1080x2400,480,arm64-v8a;armeabi;armeabi-v7a,33,3.2,0,0.00%,0.00%,0.00%,0.00%
33,2149654528,vivo,PD2199,Vivo,iQOO Neo6 SE,12149MB,Phone,Qualcomm SM8250ac,3x Qualcomm Adreno 650 (670 MHz),1080x2400,480,arm64-v8a;armeabi;armeabi-v7a,33,3.2,0,0.00%,0.00%,0.00%,0.00%
33,2149654528,vivo,PD2203,Vivo,V2203A,12149MB,Phone,Qualcomm SM8250ac,3x Qualcomm Adreno 650 (670 MHz),1080x2400,480,arm64-v8a;armeabi;armeabi-v7a,33,3.2,0,0.00%,0.00%,0.00%,0.00%
33,2149654528,vivo,PD2244,Vivo,vivo S16,12129MB,Phone,Qualcomm SM8250ac,3x Qualcomm Adreno 650 (670 MHz),1080x2400,480,arm64-v8a;armeabi;armeabi-v7a,33,3.2,0,0.00%,0.00%,0.00%,0.00%
33,2149654528,Xiaomi,psyche,Xiaomi,Xiaomi 12X,7976MB,Phone,Qualcomm SM8250ac,3x Qualcomm Adreno 650 (670 MHz),1080x2400,440,arm64-v8a;armeabi;armeabi-v7a,33,3.2,0,0.00%,0.00%,0.00%,0.00%
33,2149654528,Xiaomi,thyme,Xiaomi,Mi 10S,7980MB,Phone,Qualcomm SM8250ac,3x Qualcomm Adreno 650 (670 MHz),1080x2340,440,arm64-v8a;armeabi;armeabi-v7a,33,3.2,0,0.00%,0.00%,0.00%,0.00%
34,0,samsung,b0s,Samsung,Galaxy S22 Ultra,7649-11026MB,Phone,Samsung s5e9925,3x Samsung Xclipse 920 (1200 MHz),1440x3088,450,arm64-v8a;armeabi;armeabi-v7a,31;33;34,3.2,0,0.00%,0.00%,0.00%,0.00%
34,0,samsung,g0s,Samsung,Galaxy S22+,7624-7625MB,Phone,Samsung s5e9925,3x Samsung Xclipse 920 (1200 MHz),1080x2340,450,arm64-v8a;armeabi;armeabi-v7a,31;33;34,3.2,0,0.00%,0.00%,0.00%,0.00%
34,0,samsung,r0s,Samsung,Galaxy S22,7624-7625MB,Phone,Samsung s5e9925,3x Samsung Xclipse 920 (1200 MHz),1080x2340,480,arm64-v8a;armeabi;armeabi-v7a,31;33;34,3.2,0,0.00%,0.00%,0.00%,0.00%
34,0,samsung,r11s,Samsung,Galaxy S23 FE,7649MB,Phone,Samsung s5e9925,3x Samsung Xclipse 920 (1200 MHz),1080x2340,450,arm64-v8a;armeabi;armeabi-v7a,33;34,3.2,0,0.00%,0.00%,0.00%,0.00%
34,0,OnePlus,OP5565,OnePlus,OnePlus Ace,11978MB,Phone,Mediatek MT6895,6x ARM Mali G610 (695 MHz),1080x2412,480,arm64-v8a;armeabi;armeabi-v7a,34,3.2,0,0.00%,0.00%,0.00%,0.00%
34,0,OnePlus,OP5566L1,OnePlus,OnePlus 10R 5G,11978MB,Phone,Mediatek MT6895,6x ARM Mali G610 (695 MHz),1080x2412,480,arm64-v8a;armeabi;armeabi-v7a,34,3.2,0,0.00%,0.00%,0.00%,0.00%
34,0,OnePlus,OP5567L1,OnePlus,OnePlus 10R 5G,7762-11983MB,Phone,Mediatek MT6895,6x ARM Mali G610 (695 MHz),1080x2412,480,arm64-v8a;armeabi;armeabi-v7a,31;33;34,3.2,0,0.00%,0.00%,0.00%,0.00%
34,0,OPPO,OP528F,Oppo,Find X6,16153MB,Phone,Mediatek MT6895,6x ARM Mali G610 (695 MHz),1240x2772,560,arm64-v8a;armeabi;armeabi-v7a,34,3.2,0,0.00%,0.00%,0.00%,0.00%
34,0,OPPO,OP5297,Oppo,PGJM10,11978MB,Phone,Mediatek MT6895,6x ARM Mali G610 (695 MHz),1080x2412,480,arm64-v8a;armeabi;armeabi-v7a,34,3.2,0,0.00%,0.00%,0.00%,0.00%
34,0,OPPO,OP5601,Oppo,OPPO Reno9 Pro 5G,16217MB,Phone,Mediatek MT6895,6x ARM Mali G610 (695 MHz),1080x2412,480,arm64-v8a;armeabi;armeabi-v7a,34,3.2,0,0.00%,0.00%,0.00%,0.00%
34,0,OPPO,OP5281,Oppo,PFZM10,11979MB,Phone,Mediatek MT6895Z/TCZA,6x ARM Mali G610 (850 MHz),1080x2412,480,arm64-v8a;armeabi;armeabi-v7a,34,3.2,0,0.00%,0.00%,0.00%,0.00%
34,0,OPPO,OP5335L1,Oppo,OPPO Reno8 Pro 5G,11949MB,Phone,Mediatek MT6895Z/TCZA,6x ARM Mali G610 (850 MHz),1080x2412,480,arm64-v8a;armeabi;armeabi-v7a,34,3.2,0,0.00%,0.00%,0.00%,0.00%
33,0,POCO,xaga,POCO,POCO X4 GT,7849MB,Phone,Mediatek MT6895Z/TCZA,6x ARM Mali G610 (850 MHz),1080x2460,440,arm64-v8a;armeabi;armeabi-v7a,33,3.2,0,0.00%,0.00%,0.00%,0.00%
34,0,realme,RED8BEL1,realme,realme GT NEO 3 150W,7772-11979MB,Phone,Mediatek MT6895Z/TCZA,6x ARM Mali G610 (850 MHz),1080x2412,480,arm64-v8a;armeabi;armeabi-v7a,34,3.2,0,0.00%,0.00%,0.00%,0.00%
33,0,Redmi,xaga,Redmi,Redmi Note 11T Pro,7849MB,Phone,Mediatek MT6895Z/TCZA,6x ARM Mali G610 (850 MHz),1080x2460,440,arm64-v8a;armeabi;armeabi-v7a,33,3.2,0,0.00%,0.00%,0.00%,0.00%
33,0,Redmi,xagain,Redmi,Redmi K50i,5739-7849MB,Phone,Mediatek MT6895Z/TCZA,6x ARM Mali G610 (850 MHz),1080x2460,440,arm64-v8a;armeabi;armeabi-v7a,33,3.2,0,0.00%,0.00%,0.00%,0.00%
33,0,Redmi,xagapro,Redmi,Redmi Note 11T Pro +,7849MB,Phone,Mediatek MT6895Z/TCZA,6x ARM Mali G610 (850 MHz),1080x2460,440,arm64-v8a;armeabi;armeabi-v7a,33,3.2,0,0.00%,0.00%,0.00%,0.00%
33,0,vivo,PD2207,Vivo,vivo S15 Pro,11990MB,Phone,Mediatek MT6895Z/TCZA,6x ARM Mali G610 (850 MHz),1080x2376,480,arm64-v8a;armeabi;armeabi-v7a,33,3.2,0,0.00%,0.00%,0.00%,0.00%
34,0,Xiaomi,plato,Xiaomi,Xiaomi 12T,7752-7753MB,Phone,Mediatek MT6895Z_B/TCZA,6x ARM Mali G610 (850 MHz),1220x2712,480,arm64-v8a;armeabi;armeabi-v7a,33;34,3.2,0,0.00%,0.00%,0.00%,0.00%
34,0,Infinix,Infinix-X6871,Infinix,GT 20 Pro,12012MB,Phone,Mediatek MT6896Z/CZA,6x ARM Mali G610 (950 MHz),1080x2436,480,arm64-v8a;armeabi;armeabi-v7a,34,3.2,0,0.00%,0.00%,0.00%,0.00%
34,0,iQOO,I2214,Vivo,iQOO Neo7,7785-11992MB,Phone,Mediatek MT6896,6x ARM Mali G610 (950 MHz),1080x2400,440,arm64-v8a;armeabi;armeabi-v7a,34,3.2,0,0.00%,0.00%,0.00%,0.00%
34,0,OPPO,OP561F,Oppo,OPPO Reno10 Pro 5G,16216MB,Phone,Mediatek MT6896,6x ARM Mali G610 (950 MHz),1240x2772,560,arm64-v8a;armeabi;armeabi-v7a,34,3.2,0,0.00%,0.00%,0.00%,0.00%
34,0,OPPO,OP59EDL1,Oppo,Reno11,11993MB,Phone,Mediatek MT6896,6x ARM Mali G610 (950 MHz),1080x2412,480,arm64-v8a;armeabi;armeabi-v7a,34,3.2,0,0.00%,0.00%,0.00%,0.00%
34,0,OPPO,OP5AD3L1,Oppo,Reno 11 Pro,11993MB,Phone,Mediatek MT6896,6x ARM Mali G610 (950 MHz),1080x2412,480,arm64-v8a;armeabi;armeabi-v7a,34,3.2,0,0.00%,0.00%,0.00%,0.00%
33,0,Redmi,pearl,Redmi,Redmi Note 12T Pro,12066MB,Phone,Mediatek MT6896,6x ARM Mali G610 (950 MHz),1080x2460,440,arm64-v8a;armeabi;armeabi-v7a,33,3.2,0,0.00%,0.00%,0.00%,0.00%
33,0,Redmi,rembrandt,Redmi,Redmi K60E,12058MB,Phone,Mediatek MT6896Z/CZA,6x ARM Mali G610 (950 MHz),1440x3200,560,arm64-v8a;armeabi;armeabi-v7a,33,3.2,0,0.00%,0.00%,0.00%,0.00%
34,0,TECNO,TECNO-CL8,Tecno,TECNO CAMON 30 Pro 5G,12012MB,Phone,Mediatek MT6896Z/CZA,6x ARM Mali G610 (950 MHz),1080x2436,480,arm64-v8a;armeabi;armeabi-v7a,34,3.2,0,0.00%,0.00%,0.00%,0.00%
34,0,TECNO,TECNO-CL9,Tecno,TECNO CAMON 30 Premier 5G,12012MB,Phone,Mediatek MT6896Z/CZA,6x ARM Mali G610 (950 MHz),1264x2780,560,arm64-v8a;armeabi;armeabi-v7a,34,3.2,0,0.00%,0.00%,0.00%,0.00%
34,0,vivo,PD2238,Vivo,iQOO Neo7 SE,11987MB,Phone,Mediatek MT6896,6x ARM Mali G610 (950 MHz),1080x2400,480,arm64-v8a;armeabi;armeabi-v7a,34,3.2,0,0.00%,0.00%,0.00%,0.00%
33,0,vivo,PD2245,Vivo,vivo S16 Pro,11988MB,Phone,Mediatek MT6896Z/CZA,6x ARM Mali G610 (950 MHz),1080x2400,480,arm64-v8a;armeabi;armeabi-v7a,33,3.2,0,0.00%,0.00%,0.00%,0.00%
33,0,vivo,PD2284,Vivo,S17 Pro,11988MB,Phone,Mediatek MT6896,6x ARM Mali G610 (950 MHz),1260x2800,560,arm64-v8a;armeabi;armeabi-v7a,33,3.2,0,0.00%,0.00%,0.00%,0.00%
33,0,vivo,PD2314,Vivo,V2314A,11988MB,Phone,Mediatek MT6896,6x ARM Mali G610 (950 MHz),1080x2388,480,arm64-v8a;armeabi;armeabi-v7a,33,3.2,0,0.00%,0.00%,0.00%,0.00%
34,0,vivo,V2230,Vivo,V27 Pro,7785-11992MB,Phone,Mediatek MT6896Z/CZA,6x ARM Mali G610 (950 MHz),1080x2400,440,arm64-v8a;armeabi;armeabi-v7a,34,3.2,0,0.00%,0.00%,0.00%,0.00%
34,0,vivo,V2319,Vivo,V30 Pro,7781-11988MB,Phone,Mediatek MT6896,6x ARM Mali G610 (950 MHz),1260x2800,480,arm64-v8a;armeabi;armeabi-v7a,34,3.2,0,0.00%,0.00%,0.00%,0.00%
34,0,Xiaomi,aristotle,Xiaomi,Xiaomi 13T,7785-11993MB,Phone,Mediatek MT6896Z/CZA,6x ARM Mali G610 (950 MHz),1220x2712,480,arm64-v8a;armeabi;armeabi-v7a,33;34,3.2,0,0.00%,0.00%,0.00%,0.00%
34,0,Xiaomi,XIG04,Xiaomi,Xiaomi 13T,7786MB,Phone,Mediatek MT6896Z/CZA,6x ARM Mali G610 (950 MHz),1220x2712,480,arm64-v8a;armeabi;armeabi-v7a,34,3.2,0,0.00%,0.00%,0.00%,0.00%
34,0,Xiaomi,yuechu,Xiaomi,Xiaomi civi 3,12002MB,Phone,Mediatek MT6896Z/CZA,6x ARM Mali G610 (950 MHz),1080x2400,440,arm64-v8a;armeabi;armeabi-v7a,34,3.2,0,0.00%,0.00%,0.00%,0.00%
34,0,google,bluejay,Google,Pixel 6a,5841-5876MB,Phone,Google Tensor,ARM Mali G78 (848 MHz),1080x2400,420,arm64-v8a;armeabi;armeabi-v7a,32;33;34,3.2,0,0.00%,0.00%,0.00%,0.00%
34,0,google,felix,Google,Pixel Fold,11988-12028MB,Tablet,Google Tensor,ARM Mali G78 (848 MHz),1840x2208,420,arm64-v8a,34,3.2,0,0.00%,0.00%,0.00%,0.00%
34,0,google,lynx,Google,Pixel 7a,7784-7840MB,Phone,Google Tensor,ARM Mali G78 (848 MHz),1080x2400,420,arm64-v8a,33;34,3.2,0,0.00%,0.00%,0.00%,0.00%
34,0,google,oriole,Google,Pixel 6,7951-7985MB,Phone,Google Tensor,ARM Mali G78 (848 MHz),1080x2400,420,arm64-v8a;armeabi;armeabi-v7a,33;34,3.2,0,0.00%,0.00%,0.00%,0.00%
34,0,google,raven,Google,Pixel 6 Pro,12079-12114MB,Phone,Google Tensor,ARM Mali G78 (848 MHz),1440x3120,560,arm64-v8a;armeabi;armeabi-v7a,33;34,3.2,0,0.00%,0.00%,0.00%,0.00%
31,2149654528,asus,ASUS_I002D,Asus,ZenFone 7 / 7 Pro (ZS670KS/ZS671KS),8039MB,Phone,Qualcomm SM8250,Qualcomm Adreno 650 (587 MHz),1080x2400,420,arm64-v8a;armeabi;armeabi-v7a,31,3.2,0,0.00%,0.00%,0.00%,0.00%
31,2149654528,asus,ASUS_I003_1,Asus,ROG Phone 3,7936-12115MB,Phone,Qualcomm SM8250,Qualcomm Adreno 650 (587 MHz),1080x2340,420,arm64-v8a;armeabi;armeabi-v7a,31,3.2,0,0.00%,0.00%,0.00%,0.00%
31,2149654528,DOCOMO,F51A,Fujitsu,F-51A,8066MB,Phone,Qualcomm SM8250,Qualcomm Adreno 650 (587 MHz),1440x3120,560,arm64-v8a;armeabi;armeabi-v7a,31,3.2,0,0.00%,0.00%,0.00%,0.00%
31,2149654528,DOCOMO,SH-51A,Sharp,AQUOS R5G SH-51A,12218MB,Phone,Qualcomm SM8250,Qualcomm Adreno 650 (587 MHz),1440x3168,640,arm64-v8a;armeabi;armeabi-v7a,31,3.2,0,0.00%,0.00%,0.00%,0.00%
31,2149654528,docomo,SO-51A,Sony,Xperia 1 II,8037MB,Phone,Qualcomm SM8250,Qualcomm Adreno 650 (587 MHz),1096x2560,420,arm64-v8a;armeabi;armeabi-v7a,31,3.2,0,0.00%,0.00%,0.00%,0.00%
31,2149654528,docomo,SO-52A,Sony,Xperia 5 II,8037MB,Phone,Qualcomm SM8250,Qualcomm Adreno 650 (587 MHz),1080x2520,420,arm64-v8a;armeabi;armeabi-v7a,31,3.2,0,0.00%,0.00%,0.00%,0.00%
31,2149654528,iQOO,I1928,Vivo,I1927,8023MB,Phone,Qualcomm SM8250,Qualcomm Adreno 650 (587 MHz),1080x2400,480,arm64-v8a;armeabi;armeabi-v7a,31,3.2,0,0.00%,0.00%,0.00%,0.00%
31,2149654528,KDDI,SOG01,Sony,Xperia 1 II,8037MB,Phone,Qualcomm SM8250,Qualcomm Adreno 650 (587 MHz),1096x2560,420,arm64-v8a;armeabi;armeabi-v7a,31,3.2,0,0.00%,0.00%,0.00%,0.00%
31,2149654528,KDDI,SOG02,Sony,Xperia 5 II,8037MB,Phone,Qualcomm SM8250,Qualcomm Adreno 650 (587 MHz),1080x2520,420,arm64-v8a;armeabi;armeabi-v7a,31,3.2,0,0.00%,0.00%,0.00%,0.00%
31,2149654528,KDDI,TGD,Sharp,AQUOS R5G SHG01,12218MB,Phone,Qualcomm SM8250,Qualcomm Adreno 650 (587 MHz),1440x3168,640,arm64-v8a;armeabi;armeabi-v7a,31,3.2,0,0.00%,0.00%,0.00%,0.00%
30,2149654528,Lenovo,moba,Lenovo,拯救者电竞手机,12318MB,Phone,Qualcomm SM8250,Qualcomm Adreno 650 (587 MHz),1080x2340,480,arm64-v8a;armeabi;armeabi-v7a,30,3.2,0,0.00%,0.00%,0.00%,0.00%
33,2149654528,Lenovo,olivine,Lenovo,小新Pad Pro 2022,8043MB,Tablet,Qualcomm SM8250,Qualcomm Adreno 650 (587 MHz),1536x2560,320,arm64-v8a;armeabi;armeabi-v7a,33,3.2,0,0.00%,0.00%,0.00%,0.00%
31,2149654528,lge,L-51A,LGE,LG V60 ThinQ 5G,8047MB,Phone,Qualcomm SM8250,Qualcomm Adreno 650 (587 MHz),1080x2460,420,arm64-v8a;armeabi;armeabi-v7a,31,3.2,0,0.00%,0.00%,0.00%,0.00%
33,2149654528,lge,timelm,LGE,LG V60 ThinQ,8047MB,Phone,Qualcomm SM8250,Qualcomm Adreno 650 (587 MHz),1080x2460,420,arm64-v8a;armeabi;armeabi-v7a,31;33,3.2,0,0.00%,0.00%,0.00%,0.00%
33,2149654528,meizu,meizu17,Meizu,meizu 17,8002MB,Phone,Qualcomm SM8250,Qualcomm Adreno 650 (587 MHz),1080x2340,440,arm64-v8a;armeabi;armeabi-v7a,33,3.2,0,0.00%,0.00%,0.00%,0.00%
33,2149654528,meizu,meizu17Pro,Meizu,meizu 17 Pro,12228MB,Phone,Qualcomm SM8250,Qualcomm Adreno 650 (587 MHz),1080x2340,440,arm64-v8a;armeabi;armeabi-v7a,33,3.2,0,0.00%,0.00%,0.00%,0.00%
31,2149654528,motorola,burton,Motorola,motorola edge plus,12219MB,Phone,Qualcomm SM8250,Qualcomm Adreno 650 (587 MHz),1080x2340,440,arm64-v8a;armeabi;armeabi-v7a,31,3.2,0,0.00%,0.00%,0.00%,0.00%
31,2149654528,motorola,nio,Motorola,motorola edge s,8041-12220MB,Phone,Qualcomm SM8250,Qualcomm Adreno 650 (587 MHz),1080x2520,420,arm64-v8a;armeabi;armeabi-v7a,31,3.2,0,0.00%,0.00%,0.00%,0.00%
33,2149654528,motorola,pstar,Motorola,motorola edge s pro,12220MB,Phone,Qualcomm SM8250,Qualcomm Adreno 650 (587 MHz),1080x2400,400,arm64-v8a;armeabi;armeabi-v7a,33,3.2,0,0.00%,0.00%,0.00%,0.00%
29,2149654528,nubia,NX659J,ZTE,RED MAGIC 5G,12205MB,Phone,Qualcomm SM8250,Qualcomm Adreno 650 (587 MHz),1080x2340,480,arm64-v8a;armeabi;armeabi-v7a,29,3.2,0,0.00%,0.00%,0.00%,0.00%
30,2149654528,nubia,NX659J-EEA,ZTE,Red Magic 5G,12219MB,Phone,Qualcomm SM8250,Qualcomm Adreno 650 (587 MHz),1080x2340,480,arm64-v8a;armeabi;armeabi-v7a,30,3.2,0,0.00%,0.00%,0.00%,0.00%
29,2149654528,nubia,NX659J-RU,ZTE,NX659J,8025MB,Phone,Qualcomm SM8250,Qualcomm Adreno 650 (587 MHz),1080x2340,480,arm64-v8a;armeabi;armeabi-v7a,29,3.2,0,0.00%,0.00%,0.00%,0.00%
30,2149654528,nubia,NX659J-UN,ZTE,NX659J,12219MB,Phone,Qualcomm SM8250,Qualcomm Adreno 650 (587 MHz),1080x2340,480,arm64-v8a;armeabi;armeabi-v7a,30,3.2,0,0.00%,0.00%,0.00%,0.00%
33,2149654528,OnePlus,OnePlus8,OnePlus,OnePlus 8,5797-12073MB,Phone,Qualcomm SM8250,Qualcomm Adreno 650 (587 MHz),1080x2400,480,arm64-v8a;armeabi;armeabi-v7a,33,3.2,0,0.00%,0.00%,0.00%,0.00%
33,2149654528,OnePlus,OnePlus8Pro,OnePlus,OnePlus 8 Pro,7893-12072MB,Phone,Qualcomm SM8250,Qualcomm Adreno 650 (587 MHz),1080x2376,480,arm64-v8a;armeabi;armeabi-v7a,33,3.2,0,0.00%,0.00%,0.00%,0.00%
34,2149654528,OnePlus,OnePlus8T,OnePlus,OnePlus 8T,7890-12073MB,Phone,Qualcomm SM8250,Qualcomm Adreno 650 (587 MHz),1080x2400,480,arm64-v8a;armeabi;armeabi-v7a,33;34,3.2,0,0.00%,0.00%,0.00%,0.00%
33,2149654528,OnePlus,OnePlus8TMO,OnePlus,OnePlus 8 5G,7893MB,Phone,Qualcomm SM8250,Qualcomm Adreno 650 (587 MHz),1080x2400,480,arm64-v8a;armeabi;armeabi-v7a,33,3.2,0,0.00%,0.00%,0.00%,0.00%
34,2149654528,OnePlus,OnePlus8TTMO,OnePlus,OnePlus 8T+ 5G,12069MB,Phone,Qualcomm SM8250,Qualcomm Adreno 650 (587 MHz),1080x2400,480,arm64-v8a;armeabi;armeabi-v7a,34,3.2,0,0.00%,0.00%,0.00%,0.00%
30,2149654528,OnePlus,OnePlus8Visible,OnePlus,OnePlus 8,7887MB,Phone,Qualcomm SM8250,Qualcomm Adreno 650 (587 MHz),1080x2400,450,arm64-v8a;armeabi;armeabi-v7a,30,3.2,0,0.00%,0.00%,0.00%,0.00%
30,2149654528,OnePlus,OnePlus8VZW,OnePlus,OnePlus 8 5G UW,7887MB,Phone,Qualcomm SM8250,Qualcomm Adreno 650 (587 MHz),1080x2400,450,arm64-v8a;armeabi;armeabi-v7a,30,3.2,0,0.00%,0.00%,0.00%,0.00%
34,2149654528,OnePlus,OnePlus9R,OnePlus,OnePlus 9R,7886-12073MB,Phone,Qualcomm SM8250,Qualcomm Adreno 650 (587 MHz),1080x2400,450;480,arm64-v8a;armeabi;armeabi-v7a,30;31;33;34,3.2,0,0.00%,0.00%,0.00%,0.00%
33,2149654528,OPPO,OP4A77,Oppo,Find X2 中国版,7861MB,Phone,Qualcomm SM8250,Qualcomm Adreno 650 (587 MHz),1440x3168,640,arm64-v8a;armeabi;armeabi-v7a,33,3.2,0,0.00%,0.00%,0.00%,0.00%
33,2149654528,OPPO,OP4A7A,Oppo,Find X2 Pro 中国版,12070MB,Phone,Qualcomm SM8250,Qualcomm Adreno 650 (587 MHz),1440x3168,640,arm64-v8a;armeabi;armeabi-v7a,33,3.2,0,0.00%,0.00%,0.00%,0.00%
33,2149654528,OPPO,OP4AD9,Oppo,Reno Ace2,7891MB,Phone,Qualcomm SM8250,Qualcomm Adreno 650 (587 MHz),1080x2400,480,arm64-v8a;armeabi;armeabi-v7a,33,3.2,0,0.00%,0.00%,0.00%,0.00%
33,2149654528,OPPO,OP4BA1L1,Oppo,Find X2,12041MB,Phone,Qualcomm SM8250,Qualcomm Adreno 650 (587 MHz),1440x3168,640,arm64-v8a;armeabi;armeabi-v7a,33,3.2,0,0.00%,0.00%,0.00%,0.00%
33,2149654528,OPPO,OP4BA2L1,Oppo,Find X2 Pro,12070MB,Phone,Qualcomm SM8250,Qualcomm Adreno 650 (587 MHz),1440x3168,640,arm64-v8a;armeabi;armeabi-v7a,33,3.2,0,0.00%,0.00%,0.00%,0.00%
33,2149654528,OPPO,OP4EA7,Oppo,OPPO Reno5 Pro+ 5G,12070MB,Phone,Qualcomm SM8250,Qualcomm Adreno 650 (587 MHz),1080x2400,480,arm64-v8a;armeabi;armeabi-v7a,33,3.2,0,0.00%,0.00%,0.00%,0.00%
33,2149654528,OPPO,OP4EC1,Oppo,Reno6 Pro+ 5G,12041MB,Phone,Qualcomm SM8250,Qualcomm Adreno 650 (587 MHz),1080x2400,480,arm64-v8a;armeabi;armeabi-v7a,33,3.2,0,0.00%,0.00%,0.00%,0.00%
33,2149654528,OPPO,OP4F0BL1,Oppo,CPH2207,12070MB,Phone,Qualcomm SM8250,Qualcomm Adreno 650 (587 MHz),1080x2400,480,arm64-v8a;armeabi;armeabi-v7a,33,3.2,0,0.00%,0.00%,0.00%,0.00%
33,2149654528,OPPO,OP4F7FL1,Oppo,CPH2247,12041MB,Phone,Qualcomm SM8250,Qualcomm Adreno 650 (587 MHz),1080x2400,480,arm64-v8a;armeabi;armeabi-v7a,33,3.2,0,0.00%,0.00%,0.00%,0.00%
33,2149654528,OPPO,OP5223,Oppo,OPPO Pad,7869MB,Tablet,Qualcomm SM8250,Qualcomm Adreno 650 (587 MHz),1600x2560,360,arm64-v8a;armeabi;armeabi-v7a,33,3.2,0,0.00%,0.00%,0.00%,0.00%
33,2149654528,POCO,alioth,POCO,POCO F3,5886-7984MB,Phone,Qualcomm SM8250,Qualcomm Adreno 650 (587 MHz),1080x2400,440,arm64-v8a;armeabi;armeabi-v7a,30;31;33,3.2,0,0.00%,0.00%,0.00%,0.00%
31,2149654528,POCO,lmi,POCO,POCO F2 Pro,5886-7982MB,Phone,Qualcomm SM8250,Qualcomm Adreno 650 (587 MHz),1080x2400,440,arm64-v8a;armeabi;armeabi-v7a,31,3.2,0,0.00%,0.00%,0.00%,0.00%
33,2149654528,POCO,munch,POCO,POCO F4,5886-7983MB,Phone,Qualcomm SM8250,Qualcomm Adreno 650 (587 MHz),1080x2400,440,arm64-v8a;armeabi;armeabi-v7a,33,3.2,0,0.00%,0.00%,0.00%,0.00%
31,2149654528,RAKUTEN,Banagher,Sharp,AQUOS R5G SH-RM14,12218MB,Phone,Qualcomm SM8250,Qualcomm Adreno 650 (587 MHz),1440x3168,640,arm64-v8a;armeabi;armeabi-v7a,31,3.2,0,0.00%,0.00%,0.00%,0.00%
34,2149654528,realme,RE546F,Realme,realme GT Explorer Master Edition,12040MB,Phone,Qualcomm SM8250,Qualcomm Adreno 650 (587 MHz),1080x2400,480,arm64-v8a;armeabi;armeabi-v7a,34,3.2,0,0.00%,0.00%,0.00%,0.00%
31,2149654528,realme,RMX2071CN,Realme,realme X50 Pro,12045MB,Phone,Qualcomm SM8250,Qualcomm Adreno 650 (587 MHz),1080x2400,480,arm64-v8a;armeabi;armeabi-v7a,31,3.2,0,0.00%,0.00%,0.00%,0.00%
31,2149654528,realme,RMX2072CN,realme,realme X50 Pro Play,7866MB,Phone,Qualcomm SM8250,Qualcomm Adreno 650 (587 MHz),1080x2400,480,arm64-v8a;armeabi;armeabi-v7a,31,3.2,0,0.00%,0.00%,0.00%,0.00%
31,2149654528,realme,RMX2075L1,Realme,realme X50 Pro,12045MB,Phone,Qualcomm SM8250,Qualcomm Adreno 650 (587 MHz),1080x2400,480,arm64-v8a;armeabi;armeabi-v7a,31,3.2,0,0.00%,0.00%,0.00%,0.00%
31,2149654528,realme,RMX2076L1,realme,realme X50 Pro,7866MB,Phone,Qualcomm SM8250,Qualcomm Adreno 650 (587 MHz),1080x2400,480,arm64-v8a;armeabi;armeabi-v7a,31,3.2,0,0.00%,0.00%,0.00%,0.00%
33,2149654528,Redmi,alioth,Redmi,Redmi K40,7983-12162MB,Phone,Qualcomm SM8250,Qualcomm Adreno 650 (587 MHz),1080x2400,440,arm64-v8a;armeabi;armeabi-v7a,33,3.2,0,0.00%,0.00%,0.00%,0.00%
31,2149654528,Redmi,apollo,Redmi,Redmi K30S Ultra,7980MB,Phone,Qualcomm SM8250,Qualcomm Adreno 650 (587 MHz),1080x2400,440,arm64-v8a;armeabi;armeabi-v7a,31,3.2,0,0.00%,0.00%,0.00%,0.00%
31,2149654528,Redmi,lmi,Redmi,K30 PRO,7982MB,Phone,Qualcomm SM8250,Qualcomm Adreno 650 (587 MHz),1080x2400,440,arm64-v8a;armeabi;armeabi-v7a,31,3.2,0,0.00%,0.00%,0.00%,0.00%
31,2149654528,Redmi,lmipro,Xiaomi,Redmi K30 Pro Zoom Edition,7982MB,Phone,Qualcomm SM8250,Qualcomm Adreno 650 (587 MHz),1080x2400,440,arm64-v8a;armeabi;armeabi-v7a,31,3.2,0,0.00%,0.00%,0.00%,0.00%
33,2149654528,Redmi,munch,Redmi,Redmi K40S,12162MB,Phone,Qualcomm SM8250,Qualcomm Adreno 650 (587 MHz),1080x2400,440,arm64-v8a;armeabi;armeabi-v7a,33,3.2,0,0.00%,0.00%,0.00%,0.00%
33,2149654528,samsung,r8q,Samsung,Galaxy S20 FE 5G,5899-7993MB,Phone,Qualcomm SM8250,Qualcomm Adreno 650 (587 MHz),1080x2400,480,arm64-v8a;armeabi;armeabi-v7a,30;31;33,3.2,0,0.00%,0.00%,0.00%,0.00%
33,2149654528,samsung,SC-51A,Samsung,Galaxy S20 5G,11116MB,Phone,Qualcomm SM8250,Qualcomm Adreno 650 (587 MHz),1440x3200,480,arm64-v8a;armeabi;armeabi-v7a,33,3.2,0,0.00%,0.00%,0.00%,0.00%
33,2149654528,samsung,SC-52A,Samsung,Galaxy S20+ 5G,11116MB,Phone,Qualcomm SM8250,Qualcomm Adreno 650 (587 MHz),1440x3200,450,arm64-v8a;armeabi;armeabi-v7a,33,3.2,0,0.00%,0.00%,0.00%,0.00%
33,2149654528,samsung,SC51Aa,Samsung,Galaxy S20 5G,11116MB,Phone,Qualcomm SM8250,Qualcomm Adreno 650 (587 MHz),1440x3200,480,arm64-v8a;armeabi;armeabi-v7a,33,3.2,0,0.00%,0.00%,0.00%,0.00%
33,2149654528,samsung,SCG01,Samsung,Galaxy S20 5G,11116MB,Phone,Qualcomm SM8250,Qualcomm Adreno 650 (587 MHz),1440x3200,480,arm64-v8a;armeabi;armeabi-v7a,33,3.2,0,0.00%,0.00%,0.00%,0.00%
33,2149654528,samsung,SCG02,Samsung,Galaxy S20+ 5G,11116MB,Phone,Qualcomm SM8250,Qualcomm Adreno 650 (587 MHz),1440x3200,450,arm64-v8a;armeabi;armeabi-v7a,33,3.2,0,0.00%,0.00%,0.00%,0.00%
33,2149654528,samsung,SCG03,Samsung,Galaxy S20 Ultra 5G,11117MB,Phone,Qualcomm SM8250,Qualcomm Adreno 650 (587 MHz),1440x3200,420,arm64-v8a;armeabi;armeabi-v7a,33,3.2,0,0.00%,0.00%,0.00%,0.00%
33,2149654528,samsung,x1q,Samsung,Galaxy S20 5G,8019-11116MB,Phone,Qualcomm SM8250,Qualcomm Adreno 650 (587 MHz),1440x3200,480,arm64-v8a;armeabi;armeabi-v7a,31;33,3.2,0,0.00%,0.00%,0.00%,0.00%
33,2149654528,samsung,y2q,Samsung,Galaxy S20+ 5G,11116MB,Phone,Qualcomm SM8250,Qualcomm Adreno 650 (587 MHz),1440x3200,450,arm64-v8a;armeabi;armeabi-v7a,31;33,3.2,0,0.00%,0.00%,0.00%,0.00%
33,2149654528,samsung,z3q,Samsung,Galaxy S20 Ultra 5G,4294-11117MB,Phone,Qualcomm SM8250,Qualcomm Adreno 650 (587 MHz),1440x3200;720x1280;900x1600,240;420,arm64-v8a;armeabi;armeabi-v7a,25;31;33,3.2,0,0.00%,0.00%,0.00%,0.00%
31,2149654528,SG,SG908SH,Sharp,AQUOS R5G 908SH,12218MB,Phone,Qualcomm SM8250,Qualcomm Adreno 650 (587 MHz),1440x3168,640,arm64-v8a;armeabi;armeabi-v7a,31,3.2,0,0.00%,0.00%,0.00%,0.00%
30,2149654528,SHARP,Banagher,Sharp,AQUOS R5G SH-R50,12218MB,Phone,Qualcomm SM8250,Qualcomm Adreno 650 (587 MHz),1440x3168,640,arm64-v8a;armeabi;armeabi-v7a,30,3.2,0,0.00%,0.00%,0.00%,0.00%
29,2149654528,SoftBank,Z8851S,ZTE,902ZT,5947MB,Phone,Qualcomm SM8250,Qualcomm Adreno 650 (587 MHz),1080x2340,480,arm64-v8a;armeabi;armeabi-v7a,29,3.2,0,0.00%,0.00%,0.00%,0.00%
30,2149654528,Sony,A002SO,Sony,Xperia 5 II,8071MB,Phone,Qualcomm SM8250,Qualcomm Adreno 650 (587 MHz),1080x2520,420,arm64-v8a;armeabi;armeabi-v7a,30,3.2,0,0.00%,0.00%,0.00%,0.00%
31,2149654528,Sony,XQ-AQ52,Sony,Xperia PRO,12216MB,Phone,Qualcomm SM8250,Qualcomm Adreno 650 (587 MHz),1096x2560,420,arm64-v8a;armeabi;armeabi-v7a,31,3.2,0,0.00%,0.00%,0.00%,0.00%
31,2149654528,Sony,XQ-AQ62,Sony,Xperia PRO,12216MB,Phone,Qualcomm SM8250,Qualcomm Adreno 650 (587 MHz),1096x2560,420,arm64-v8a;armeabi;armeabi-v7a,31,3.2,0,0.00%,0.00%,0.00%,0.00%
31,2149654528,Sony,XQ-AS42,Sony,Xperia 5 II,8037MB,Phone,Qualcomm SM8250,Qualcomm Adreno 650 (587 MHz),1080x2520,420,arm64-v8a;armeabi;armeabi-v7a,31,3.2,0,0.00%,0.00%,0.00%,0.00%
31,2149654528,Sony,XQ-AS52,Sony,Xperia 5 II,8037MB,Phone,Qualcomm SM8250,Qualcomm Adreno 650 (587 MHz),1080x2520,420,arm64-v8a;armeabi;armeabi-v7a,31,3.2,0,0.00%,0.00%,0.00%,0.00%
31,2149654528,Sony,XQ-AS62,Sony,Xperia 5 II,8037MB,Phone,Qualcomm SM8250,Qualcomm Adreno 650 (587 MHz),1080x2520,420,arm64-v8a;armeabi;armeabi-v7a,31,3.2,0,0.00%,0.00%,0.00%,0.00%
31,2149654528,Sony,XQ-AS72,Sony,Xperia 5 II,8037MB,Phone,Qualcomm SM8250,Qualcomm Adreno 650 (587 MHz),1080x2520,420,arm64-v8a;armeabi;armeabi-v7a,31,3.2,0,0.00%,0.00%,0.00%,0.00%
31,2149654528,Sony,XQ-AT42,Sony,Xperia 1 II,12216MB,Phone,Qualcomm SM8250,Qualcomm Adreno 650 (587 MHz),1096x2560,420,arm64-v8a;armeabi;armeabi-v7a,31,3.2,0,0.00%,0.00%,0.00%,0.00%
31,2149654528,Sony,XQ-AT51,Sony,Xperia 1 II,8037MB,Phone,Qualcomm SM8250,Qualcomm Adreno 650 (587 MHz),1096x2560,420,arm64-v8a;armeabi;armeabi-v7a,31,3.2,0,0.00%,0.00%,0.00%,0.00%
31,2149654528,Sony,XQ-AT52,Sony,Xperia 1 II,8037MB,Phone,Qualcomm SM8250,Qualcomm Adreno 650 (587 MHz),1096x2560,420,arm64-v8a;armeabi;armeabi-v7a,31,3.2,0,0.00%,0.00%,0.00%,0.00%
31,2149654528,Sony,XQ-AT72,Sony,Xperia 1 II,12216MB,Phone,Qualcomm SM8250,Qualcomm Adreno 650 (587 MHz),1096x2560,420,arm64-v8a;armeabi;armeabi-v7a,31,3.2,0,0.00%,0.00%,0.00%,0.00%
29,2149654528,vivo,PD1950,Vivo,V1950A,8027MB,Phone,Qualcomm SM8250,Qualcomm Adreno 650 (587 MHz),1080x2256,440,arm64-v8a;armeabi;armeabi-v7a,29,3.2,0,0.00%,0.00%,0.00%,0.00%
33,2149654528,vivo,PD1955,Vivo,V1955A,12201MB,Phone,Qualcomm SM8250,Qualcomm Adreno 650 (587 MHz),1080x2400,480,arm64-v8a;armeabi;armeabi-v7a,33,3.2,0,0.00%,0.00%,0.00%,0.00%
31,2149654528,vivo,PD1981,Vivo,V1981A,8022MB,Phone,Qualcomm SM8250,Qualcomm Adreno 650 (587 MHz),1080x2408,480,arm64-v8a;armeabi;armeabi-v7a,31,3.2,0,0.00%,0.00%,0.00%,0.00%
33,2149654528,vivo,PD2011,Vivo,V2011A,12202MB,Phone,Qualcomm SM8250,Qualcomm Adreno 650 (587 MHz),1080x2376,480,arm64-v8a;armeabi;armeabi-v7a,33,3.2,0,0.00%,0.00%,0.00%,0.00%
33,2149654528,vivo,PD2024,Vivo,V2025A,12201MB,Phone,Qualcomm SM8250,Qualcomm Adreno 650 (587 MHz),1080x2376,480,arm64-v8a;armeabi;armeabi-v7a,33,3.2,0,0.00%,0.00%,0.00%,0.00%
31,2149654528,Xiaomi,apollo,Xiaomi,Mi 10T Pro,5884-8014MB,Phone,Qualcomm SM8250,Qualcomm Adreno 650 (587 MHz),1080x2400,440,arm64-v8a;armeabi;armeabi-v7a,29;30;31,3.2,0,0.00%,0.00%,0.00%,0.00%
33,2149654528,Xiaomi,cas,Xiaomi,Mi 10 Ultra,12160MB,Phone,Qualcomm SM8250,Qualcomm Adreno 650 (587 MHz),1080x2340,440,arm64-v8a;armeabi;armeabi-v7a,33,3.2,0,0.00%,0.00%,0.00%,0.00%
33,2149654528,Xiaomi,cmi,Xiaomi,Mi 10 Pro,12160MB,Phone,Qualcomm SM8250,Qualcomm Adreno 650 (587 MHz),1080x2340,440,arm64-v8a;armeabi;armeabi-v7a,33,3.2,0,0.00%,0.00%,0.00%,0.00%
34,2149654528,Xiaomi,dagu,Xiaomi,Xiaomi Pad 5 Pro,7978MB,Tablet,Qualcomm SM8250,Qualcomm Adreno 650 (587 MHz),1600x2560,320,arm64-v8a;armeabi;armeabi-v7a,34,3.2,0,0.00%,0.00%,0.00%,0.00%
34,2149654528,Xiaomi,pipa,Xiaomi,Xiaomi Pad 6,5884-7980MB,Tablet,Qualcomm SM8250,Qualcomm Adreno 650 (587 MHz),1800x2880,400,arm64-v8a;armeabi;armeabi-v7a,33;34,3.2,0,0.00%,0.00%,0.00%,0.00%
33,2149654528,Xiaomi,umi,Xiaomi,MI 10,7978-8011MB,Phone,Qualcomm SM8250,Qualcomm Adreno 650 (587 MHz),1080x2340,440,arm64-v8a;armeabi;armeabi-v7a,30;33,3.2,0,0.00%,0.00%,0.00%,0.00%
31,2149654528,ZTE,P870A01,ZTE,ZTE A2322,12213MB,Phone,Qualcomm SM8250,Qualcomm Adreno 650 (587 MHz),1080x2460,480,arm64-v8a;armeabi;armeabi-v7a,31,3.2,0,0.00%,0.00%,0.00%,0.00%
31,2149654528,ZTE,P870A02,ZTE,ZTE A2322G,8034MB,Phone,Qualcomm SM8250,Qualcomm Adreno 650 (587 MHz),1080x2460,480,arm64-v8a;armeabi;armeabi-v7a,31,3.2,0,0.00%,0.00%,0.00%,0.00%
31,2149654528,ZTE,P870F21,ZTE,ZTE A2023G,8034MB,Phone,Qualcomm SM8250,Qualcomm Adreno 650 (587 MHz),1080x2400,480,arm64-v8a;armeabi;armeabi-v7a,31,3.2,0,0.00%,0.00%,0.00%,0.00%
33,2149654528,Mi,aliothin,Mi,Mi 11 X,5886-7983MB,Phone,Qualcomm SM8250Pro,Qualcomm Adreno 650 (670 MHz),1080x2400,440,arm64-v8a;armeabi;armeabi-v7a,33,3.2,0,0.00%,0.00%,0.00%,0.00%
33,2149654528,samsung,bloomxq,Samsung,Galaxy Z Flip 5G,8015MB,Phone,Qualcomm SM8250Pro,Qualcomm Adreno 650 (670 MHz),1080x2636,480,arm64-v8a;armeabi;armeabi-v7a,33,3.2,0,0.00%,0.00%,0.00%,0.00%
33,2149654528,samsung,c1q,Samsung,Galaxy Note20 5G,8017MB,Phone,Qualcomm SM8250Pro,Qualcomm Adreno 650 (670 MHz),1080x2400,450,arm64-v8a;armeabi;armeabi-v7a,31;33,3.2,0,0.00%,0.00%,0.00%,0.00%
33,2149654528,samsung,c2q,Samsung,Galaxy Note20 Ultra 5G,11114MB,Phone,Qualcomm SM8250Pro,Qualcomm Adreno 650 (670 MHz),1440x3088,420,arm64-v8a;armeabi;armeabi-v7a,31;33,3.2,0,0.00%,0.00%,0.00%,0.00%
33,2149654528,samsung,f2q,Samsung,Galaxy Z Fold2 5G,11110MB,Phone,Qualcomm SM8250Pro,Qualcomm Adreno 650 (670 MHz),1768x2208,480,arm64-v8a;armeabi;armeabi-v7a,33,3.2,0,0.00%,0.00%,0.00%,0.00%
33,2149654528,samsung,gts7l,Samsung,Galaxy Tab S7 5G,5923-8015MB,Tablet,Qualcomm SM8250Pro,Qualcomm Adreno 650 (670 MHz),1600x2560,340,arm64-v8a;armeabi;armeabi-v7a,33,3.2,0,0.00%,0.00%,0.00%,0.00%
33,2149654528,samsung,gts7lwifi,Samsung,Galaxy Tab S7,5923-8014MB,Tablet,Qualcomm SM8250Pro,Qualcomm Adreno 650 (670 MHz),1600x2560,340,arm64-v8a;armeabi;armeabi-v7a,33,3.2,0,0.00%,0.00%,0.00%,0.00%
33,2149654528,samsung,gts7xl,Samsung,Galaxy Tab S7+ 5G,5901-7993MB,Tablet,Qualcomm SM8250Pro,Qualcomm Adreno 650 (670 MHz),1752x2800,340,arm64-v8a;armeabi;armeabi-v7a,33,3.2,0,0.00%,0.00%,0.00%,0.00%
33,2149654528,samsung,gts7xlwifi,Samsung,Galaxy Tab S7+,5901-7993MB,Tablet,Qualcomm SM8250Pro,Qualcomm Adreno 650 (670 MHz),1752x2800,340,arm64-v8a;armeabi;armeabi-v7a,33,3.2,0,0.00%,0.00%,0.00%,0.00%
33,2149654528,samsung,SC-53A,Samsung,Galaxy Note20 Ultra 5G,11114MB,Phone,Qualcomm SM8250Pro,Qualcomm Adreno 650 (670 MHz),1440x3088,420,arm64-v8a;armeabi;armeabi-v7a,33,3.2,0,0.00%,0.00%,0.00%,0.00%
33,2149654528,samsung,SCG04,Samsung,Galaxy Z Flip 5G,8015MB,Phone,Qualcomm SM8250Pro,Qualcomm Adreno 650 (670 MHz),1080x2636,480,arm64-v8a;armeabi;armeabi-v7a,33,3.2,0,0.00%,0.00%,0.00%,0.00%
33,2149654528,samsung,SCG06,Samsung,Galaxy Note20 Ultra 5G,11114MB,Phone,Qualcomm SM8250Pro,Qualcomm Adreno 650 (670 MHz),1440x3088,420,arm64-v8a;armeabi;armeabi-v7a,33,3.2,0,0.00%,0.00%,0.00%,0.00%
33,2149654528,Xiaomi,cetus,Xiaomi,Xiaomi MIX Fold,11742MB,Tablet,Qualcomm SM8250Pro,Qualcomm Adreno 650 (670 MHz),1860x2480,440,arm64-v8a;armeabi;armeabi-v7a,33,3.2,0,0.00%,0.00%,0.00%,0.00%
33,2149654528,Xiaomi,elish,Xiaomi,Xiaomi Pad 5 Pro,5882MB,Tablet,Qualcomm SM8250Pro,Qualcomm Adreno 650 (670 MHz),1600x2560,360,arm64-v8a;armeabi;armeabi-v7a,33,3.2,0,0.00%,0.00%,0.00%,0.00%
33,2149654528,Xiaomi,enuma,Xiaomi,Xiaomi Pad 5 Pro 5G,7978MB,Tablet,Qualcomm SM8250Pro,Qualcomm Adreno 650 (670 MHz),1600x2560,360,arm64-v8a;armeabi;armeabi-v7a,33,3.2,0,0.00%,0.00%,0.00%,0.00%
31,2149654528,ZTE,P870A21,ZTE,ZTE A2023,8034MB,Phone,Qualcomm SM8250Pro,Qualcomm Adreno 650 (670 MHz),1080x2400,480,arm64-v8a;armeabi;armeabi-v7a,31,3.2,0,0.00%,0.00%,0.00%,0.00%
33,2149654528,asus,ASUS_I004D,Asus,Zenfone 8 Flip,7648MB,Phone,Qualcomm SM8350,Qualcomm Adreno 660 (840 MHz),1080x2400,420,arm64-v8a;armeabi;armeabi-v7a,33,3.2,0,0.00%,0.00%,0.00%,0.00%
33,2149654528,asus,ASUS_I005_1,Asus,ROG Phone 5 series,7617-15972MB,Phone,Qualcomm SM8350,Qualcomm Adreno 660 (840 MHz),1080x2448,420,arm64-v8a;armeabi;armeabi-v7a,33,3.2,0,0.00%,0.00%,0.00%,0.00%
33,2149654528,asus,ASUS_I006D,Asus,Zenfone 8,7610MB,Phone,Qualcomm SM8350,Qualcomm Adreno 660 (840 MHz),1080x2400,440,arm64-v8a;armeabi;armeabi-v7a,33,3.2,0,0.00%,0.00%,0.00%,0.00%
30,2149654528,asus,ASUS_I007_1,Asus,Smartphone for Snapdragon Insiders,15834MB,Phone,Qualcomm SM8350,Qualcomm Adreno 660 (840 MHz),1080x2448,420,arm64-v8a;armeabi;armeabi-v7a,30,3.2,0,0.00%,0.00%,0.00%,0.00%
33,2149654528,DOCOMO,SH-51B,Sharp,AQUOS R6,11725MB,Phone,Qualcomm SM8350,Qualcomm Adreno 660 (840 MHz),1260x2730,480,arm64-v8a;armeabi;armeabi-v7a,33,3.2,0,0.00%,0.00%,0.00%,0.00%
33,2149654528,docomo,SO-51B,Sony,Xperia 1 III,11718MB,Phone,Qualcomm SM8350,Qualcomm Adreno 660 (840 MHz),1096x2560,420,arm64-v8a;armeabi;armeabi-v7a,33,3.2,0,0.00%,0.00%,0.00%,0.00%
33,2149654528,docomo,SO-53B,Sony,Xperia 5 III,7547MB,Phone,Qualcomm SM8350,Qualcomm Adreno 660 (840 MHz),1080x2520,420,arm64-v8a;armeabi;armeabi-v7a,33,3.2,0,0.00%,0.00%,0.00%,0.00%
34,2149654528,iQOO,2009,Vivo,I2009,7743MB,Phone,Qualcomm SM8350,Qualcomm Adreno 660 (840 MHz),1080x2400,440,arm64-v8a;armeabi;armeabi-v7a,34,3.2,0,0.00%,0.00%,0.00%,0.00%
34,2149654528,iQOO,2017,Vivo,I2017,7741MB,Phone,Qualcomm SM8350,Qualcomm Adreno 660 (840 MHz),1080x2376,440,arm64-v8a;armeabi;armeabi-v7a,34,3.2,0,0.00%,0.00%,0.00%,0.00%
34,2149654528,iQOO,2019,Vivo,iQOO 9 SE,7742MB,Phone,Qualcomm SM8350,Qualcomm Adreno 660 (840 MHz),1080x2400,440,arm64-v8a;armeabi;armeabi-v7a,34,3.2,0,0.00%,0.00%,0.00%,0.00%
33,2149654528,KDDI,SOG03,Sony,Xperia 1 III,11718MB,Phone,Qualcomm SM8350,Qualcomm Adreno 660 (840 MHz),1096x2560,420,arm64-v8a;armeabi;armeabi-v7a,33,3.2,0,0.00%,0.00%,0.00%,0.00%
33,2149654528,KDDI,SOG05,Sony,Xperia 5 III,7547MB,Phone,Qualcomm SM8350,Qualcomm Adreno 660 (840 MHz),1080x2520,420,arm64-v8a;armeabi;armeabi-v7a,33,3.2,0,0.00%,0.00%,0.00%,0.00%
31,2149654528,LeiaInc,LumePad,ZTE,nubia Pad 3D,7548MB,Tablet,Qualcomm SM8350,Qualcomm Adreno 660 (840 MHz),1600x2560,320,arm64-v8a;armeabi;armeabi-v7a,31,3.2,0,0.00%,0.00%,0.00%,0.00%
30,2149654528,Lenovo,doom,Lenovo,拯救者电竞手机2 Pro,11723MB,Phone,Qualcomm SM8350,Qualcomm Adreno 660 (840 MHz),1080x2460,480,arm64-v8a;armeabi;armeabi-v7a,30,3.2,0,0.00%,0.00%,0.00%,0.00%
32,2149654528,Lenovo,halo,Lenovo,Legion Y70,11706MB,Phone,Qualcomm SM8350,Qualcomm Adreno 660 (840 MHz),1080x2400,480,arm64-v8a;armeabi;armeabi-v7a,32,3.2,0,0.00%,0.00%,0.00%,0.00%
33,2149654528,Lenovo,TB320FC,Lenovo,Lenovo Legion Tab,11764MB,Tablet,Qualcomm SM8350,Qualcomm Adreno 660 (840 MHz),1600x2560,400,arm64-v8a;armeabi;armeabi-v7a,33,3.2,0,0.00%,0.00%,0.00%,0.00%
30,2149654528,lge,rainbowlm,LGE,VELVET 2 PRO,7694MB,Phone,Qualcomm SM8350,Qualcomm Adreno 660 (840 MHz),1080x2400,420,arm64-v8a;armeabi;armeabi-v7a,30,3.2,0,0.00%,0.00%,0.00%,0.00%
33,2149654528,meizu,meizu18,Meizu,MEIZU 18,7554MB,Phone,Qualcomm SM8350,Qualcomm Adreno 660 (840 MHz),1080x2400,480,arm64-v8a;armeabi;armeabi-v7a,33,3.2,0,0.00%,0.00%,0.00%,0.00%
33,2149654528,meizu,meizu18Pro,Meizu,meizu 18 Pro,7554MB,Phone,Qualcomm SM8350,Qualcomm Adreno 660 (840 MHz),1080x2400,440,arm64-v8a;armeabi;armeabi-v7a,33,3.2,0,0.00%,0.00%,0.00%,0.00%
33,2149654528,meizu,meizu18s,Meizu,MEIZU 18s,7554MB,Phone,Qualcomm SM8350,Qualcomm Adreno 660 (840 MHz),1080x2400,480,arm64-v8a;armeabi;armeabi-v7a,33,3.2,0,0.00%,0.00%,0.00%,0.00%
33,2149654528,meizu,meizu18sPro,Meizu,MEIZU 18s Pro,11726MB,Phone,Qualcomm SM8350,Qualcomm Adreno 660 (840 MHz),1080x2400,440,arm64-v8a;armeabi;armeabi-v7a,33,3.2,0,0.00%,0.00%,0.00%,0.00%
33,2149654528,motorola,tundra,Motorola,motorola edge 30 fusion,7687-11858MB,Phone,Qualcomm SM8350,Qualcomm Adreno 660 (840 MHz),1080x2400,400,arm64-v8a;armeabi;armeabi-v7a,33,3.2,0,0.00%,0.00%,0.00%,0.00%
31,2149654528,motorola,xpeng,Motorola,moto g200 5G,7688MB,Phone,Qualcomm SM8350,Qualcomm Adreno 660 (840 MHz),1080x2460,400,arm64-v8a;armeabi;armeabi-v7a,31,3.2,0,0.00%,0.00%,0.00%,0.00%
33,2149654528,NEC,LAVIETab9QHD1,NEC,LAVIE Tab 9QHD1,11764MB,Tablet,Qualcomm SM8350,Qualcomm Adreno 660 (840 MHz),1600x2560,400,arm64-v8a;armeabi;armeabi-v7a,33,3.2,0,0.00%,0.00%,0.00%,0.00%
30,2149654528,nubia,NX666J,ZTE,NX666J,11723MB,Phone,Qualcomm SM8350,Qualcomm Adreno 660 (840 MHz),1080x2400,480,arm64-v8a;armeabi;armeabi-v7a,30,3.2,0,0.00%,0.00%,0.00%,0.00%
32,2149654528,nubia,NX669J,ZTE,NX669J,11755MB,Phone,Qualcomm SM8350,Qualcomm Adreno 660 (840 MHz),1080x2400,480,arm64-v8a;armeabi;armeabi-v7a,32,3.2,0,0.00%,0.00%,0.00%,0.00%
32,2149654528,nubia,NX669J-EEA,ZTE,NX669J,15938MB,Phone,Qualcomm SM8350,Qualcomm Adreno 660 (840 MHz),1080x2400,480,arm64-v8a;armeabi;armeabi-v7a,32,3.2,0,0.00%,0.00%,0.00%,0.00%
32,2149654528,nubia,NX669J-UN,ZTE,NX669J,15938MB,Phone,Qualcomm SM8350,Qualcomm Adreno 660 (840 MHz),1080x2400,480,arm64-v8a;armeabi;armeabi-v7a,32,3.2,0,0.00%,0.00%,0.00%,0.00%
31,2149654528,nubia,P875N02,ZTE,nubia  Z30 Pro,11720MB,Phone,Qualcomm SM8350,Qualcomm Adreno 660 (840 MHz),1080x2400,480,arm64-v8a;armeabi;armeabi-v7a,31,3.2,0,0.00%,0.00%,0.00%,0.00%
34,2149654528,OnePlus,OnePlus9,OnePlus,OnePlus 9 5G,7618-11789MB,Phone,Qualcomm SM8350,Qualcomm Adreno 660 (840 MHz),1080x2400,480,arm64-v8a;armeabi;armeabi-v7a,33;34,3.2,0,0.00%,0.00%,0.00%,0.00%
34,2149654528,OnePlus,OnePlus9Pro,OnePlus,OnePlus 9 Pro 5G,7618-11802MB,Phone,Qualcomm SM8350,Qualcomm Adreno 660 (840 MHz),1080x2412,480,arm64-v8a;armeabi;armeabi-v7a,33;34,3.2,0,0.00%,0.00%,0.00%,0.00%
34,2149654528,OnePlus,OnePlus9ProTMO,OnePlus,OnePlus 9 Pro 5G,11789MB,Phone,Qualcomm SM8350,Qualcomm Adreno 660 (840 MHz),1080x2412,480,arm64-v8a;armeabi;armeabi-v7a,34,3.2,0,0.00%,0.00%,0.00%,0.00%
34,2149654528,OnePlus,OnePlus9TMO,OnePlus,OnePlus 9 5G,7618MB,Phone,Qualcomm SM8350,Qualcomm Adreno 660 (840 MHz),1080x2400,480,arm64-v8a;armeabi;armeabi-v7a,34,3.2,0,0.00%,0.00%,0.00%,0.00%
34,2149654528,OnePlus,OP5154L1,OnePlus,OnePlus 9RT 5G,11796MB,Phone,Qualcomm SM8350,Qualcomm Adreno 660 (840 MHz),1080x2400,480,arm64-v8a;armeabi;armeabi-v7a,34,3.2,0,0.00%,0.00%,0.00%,0.00%
34,2149654528,OnePlus,OP5155L1,OnePlus,OnePlus 9RT 5G,7625-11796MB,Phone,Qualcomm SM8350,Qualcomm Adreno 660 (840 MHz),1080x2400,480,arm64-v8a;armeabi;armeabi-v7a,34,3.2,0,0.00%,0.00%,0.00%,0.00%
34,2149654528,OPPO,OP4E3F,Oppo,Find X3 Pro 中国版,11785MB,Phone,Qualcomm SM8350,Qualcomm Adreno 660 (840 MHz),1440x3216,480,arm64-v8a;armeabi;armeabi-v7a,34,3.2,0,0.00%,0.00%,0.00%,0.00%
34,2149654528,OPPO,OP4E75L1,Oppo,Find N,11796MB,Tablet,Qualcomm SM8350,Qualcomm Adreno 660 (840 MHz),1792x1920,440,arm64-v8a;armeabi;armeabi-v7a,34,3.2,0,0.00%,0.00%,0.00%,0.00%
34,2149654528,OPPO,OP4F57L1,Oppo,Find X3 Pro,11785MB,Phone,Qualcomm SM8350,Qualcomm Adreno 660 (840 MHz),1440x3216,480,arm64-v8a;armeabi;armeabi-v7a,34,3.2,0,0.00%,0.00%,0.00%,0.00%
34,2149654528,OPPO,OP520DL1,Oppo,PFFM10,7625MB,Phone,Qualcomm SM8350,Qualcomm Adreno 660 (840 MHz),1080x2400,480,arm64-v8a;armeabi;armeabi-v7a,34,3.2,0,0.00%,0.00%,0.00%,0.00%
34,2149654528,OPPO,OP52D5L1,Oppo,Find X5,7625MB,Phone,Qualcomm SM8350,Qualcomm Adreno 660 (840 MHz),1080x2400,480,arm64-v8a;armeabi;armeabi-v7a,34,3.2,0,0.00%,0.00%,0.00%,0.00%
33,2149654528,realme,RE5471,realme,真我GT 2	,11809MB,Phone,Qualcomm SM8350,Qualcomm Adreno 660 (840 MHz),1080x2400,480,arm64-v8a;armeabi;armeabi-v7a,33,3.2,0,0.00%,0.00%,0.00%,0.00%
33,2149654528,realme,RE58B2L1,realme,真我GT 2	,7638MB,Phone,Qualcomm SM8350,Qualcomm Adreno 660 (840 MHz),1080x2400,480,arm64-v8a;armeabi;armeabi-v7a,33,3.2,0,0.00%,0.00%,0.00%,0.00%
33,2149654528,realme,RMX2202CN,Realme,真我GT,11809MB,Phone,Qualcomm SM8350,Qualcomm Adreno 660 (840 MHz),1080x2400,480,arm64-v8a;armeabi;armeabi-v7a,33,3.2,0,0.00%,0.00%,0.00%,0.00%
33,2149654528,realme,RMX2202L1,Realme,realme GT 5G,7638MB,Phone,Qualcomm SM8350,Qualcomm Adreno 660 (840 MHz),1080x2400,480,arm64-v8a;armeabi;armeabi-v7a,33,3.2,0,0.00%,0.00%,0.00%,0.00%
33,2149654528,Redmi,haydn,Redmi,Redmi K40 Pro,7650MB,Phone,Qualcomm SM8350,Qualcomm Adreno 660 (840 MHz),1080x2400,440,arm64-v8a;armeabi;armeabi-v7a,33,3.2,0,0.00%,0.00%,0.00%,0.00%
34,2149654528,samsung,b2q,Samsung,Galaxy Z Flip3 5G,7747-7750MB,Phone,Qualcomm SM8350,Qualcomm Adreno 660 (840 MHz),1080x2640,480,arm64-v8a;armeabi;armeabi-v7a,31;32;33;34,3.2,0,0.00%,0.00%,0.00%,0.00%
34,2149654528,samsung,m44x,Samsung,Galaxy Jump3,5634MB,Phone,Qualcomm SM8350,Qualcomm Adreno 660 (840 MHz),1080x2408,450,arm64-v8a;armeabi;armeabi-v7a,34,3.2,0,0.00%,0.00%,0.00%,0.00%
34,2149654528,samsung,o1q,Samsung,Galaxy S21 5G,7719-7720MB,Phone,Qualcomm SM8350,Qualcomm Adreno 660 (840 MHz),1080x2400,480,arm64-v8a;armeabi;armeabi-v7a,33;34,3.2,0,0.00%,0.00%,0.00%,0.00%
34,2149654528,samsung,p3q,Samsung,Galaxy S21 Ultra 5G,10811-14992MB,Phone,Qualcomm SM8350,Qualcomm Adreno 660 (840 MHz),1440x3200,450,arm64-v8a;armeabi;armeabi-v7a,31;33;34,3.2,0,0.00%,0.00%,0.00%,0.00%
34,2149654528,samsung,q2q,Samsung,Galaxy Z Fold3 5G,11882-11910MB,Tablet,Qualcomm SM8350,Qualcomm Adreno 660 (840 MHz),1768x2208,420,arm64-v8a;armeabi;armeabi-v7a,30;33;34,3.2,0,0.00%,0.00%,0.00%,0.00%
34,2149654528,samsung,r9q,Samsung,Galaxy S21 FE 5G,5625-7717MB,Phone,Qualcomm SM8350,Qualcomm Adreno 660 (840 MHz),1080x2340,480,arm64-v8a;armeabi;armeabi-v7a,31;33;34,3.2,0,0.00%,0.00%,0.00%,0.00%
34,2149654528,samsung,SC-51B,Samsung,Galaxy S21 5G,7719-7720MB,Phone,Qualcomm SM8350,Qualcomm Adreno 660 (840 MHz),1080x2400,480,arm64-v8a;armeabi;armeabi-v7a,33;34,3.2,0,0.00%,0.00%,0.00%,0.00%
34,2149654528,samsung,SC-52B,Samsung,Galaxy S21 Ultra 5G,10812MB,Phone,Qualcomm SM8350,Qualcomm Adreno 660 (840 MHz),1440x3200,450,arm64-v8a;armeabi;armeabi-v7a,34,3.2,0,0.00%,0.00%,0.00%,0.00%
34,2149654528,samsung,SC-54B,Samsung,Galaxy Z Flip3 5G,7749MB,Phone,Qualcomm SM8350,Qualcomm Adreno 660 (840 MHz),1080x2640,480,arm64-v8a;armeabi;armeabi-v7a,34,3.2,0,0.00%,0.00%,0.00%,0.00%
34,2149654528,samsung,SC-55B,Samsung,Galaxy Z Fold3 5G,11910MB,Tablet,Qualcomm SM8350,Qualcomm Adreno 660 (840 MHz),1768x2208,420,arm64-v8a;armeabi;armeabi-v7a,34,3.2,0,0.00%,0.00%,0.00%,0.00%
34,2149654528,samsung,SCG09,Samsung,Galaxy S21 5G,7720MB,Phone,Qualcomm SM8350,Qualcomm Adreno 660 (840 MHz),1080x2400,480,arm64-v8a;armeabi;armeabi-v7a,34,3.2,0,0.00%,0.00%,0.00%,0.00%
34,2149654528,samsung,SCG10,Samsung,Galaxy S21+ 5G,7720MB,Phone,Qualcomm SM8350,Qualcomm Adreno 660 (840 MHz),1080x2400,450,arm64-v8a;armeabi;armeabi-v7a,34,3.2,0,0.00%,0.00%,0.00%,0.00%
34,2149654528,samsung,SCG11,Samsung,Galaxy Z Fold3 5G,11910MB,Tablet,Qualcomm SM8350,Qualcomm Adreno 660 (840 MHz),1768x2208,420,arm64-v8a;armeabi;armeabi-v7a,34,3.2,0,0.00%,0.00%,0.00%,0.00%
34,2149654528,samsung,SCG12,Samsung,Galaxy Z Flip3 5G,7749MB,Phone,Qualcomm SM8350,Qualcomm Adreno 660 (840 MHz),1080x2640,480,arm64-v8a;armeabi;armeabi-v7a,34,3.2,0,0.00%,0.00%,0.00%,0.00%
34,2149654528,samsung,t2q,Samsung,Galaxy S21+ 5G,7720MB,Phone,Qualcomm SM8350,Qualcomm Adreno 660 (840 MHz),1080x2400,450,arm64-v8a;armeabi;armeabi-v7a,34,3.2,0,0.00%,0.00%,0.00%,0.00%
34,2149654528,samsung,v2q,Samsung,三星W22 5G,16090MB,Tablet,Qualcomm SM8350,Qualcomm Adreno 660 (840 MHz),1768x2208,420,arm64-v8a;armeabi;armeabi-v7a,34,3.2,0,0.00%,0.00%,0.00%,0.00%
33,2149654528,SG,Judau,Sharp,AQUOS R6,11725MB,Phone,Qualcomm SM8350,Qualcomm Adreno 660 (840 MHz),1260x2730,480,arm64-v8a;armeabi;armeabi-v7a,33,3.2,0,0.00%,0.00%,0.00%,0.00%
33,2149654528,SG,JudauL,Sharp,Leitz Phone1,11725MB,Phone,Qualcomm SM8350,Qualcomm Adreno 660 (840 MHz),1260x2730,480,arm64-v8a;armeabi;armeabi-v7a,33,3.2,0,0.00%,0.00%,0.00%,0.00%
33,2149654528,SHARP,Judau,Sharp,AQUOS R6,11725MB,Phone,Qualcomm SM8350,Qualcomm Adreno 660 (840 MHz),1260x2730,480,arm64-v8a;armeabi;armeabi-v7a,33,3.2,0,0.00%,0.00%,0.00%,0.00%
31,2149654528,Sony,A101SO,Sony,Xperia 1 III,11719MB,Phone,Qualcomm SM8350,Qualcomm Adreno 660 (840 MHz),1096x2560,420,arm64-v8a;armeabi;armeabi-v7a,31,3.2,0,0.00%,0.00%,0.00%,0.00%
31,2149654528,Sony,A103SO,Sony,Xperia 5 III,7548MB,Phone,Qualcomm SM8350,Qualcomm Adreno 660 (840 MHz),1080x2520,420,arm64-v8a;armeabi;armeabi-v7a,31,3.2,0,0.00%,0.00%,0.00%,0.00%
33,2149654528,Sony,XQ-BC42,Sony,Xperia 1 III,11718MB,Phone,Qualcomm SM8350,Qualcomm Adreno 660 (840 MHz),1096x2560,420,arm64-v8a;armeabi;armeabi-v7a,33,3.2,0,0.00%,0.00%,0.00%,0.00%
33,2149654528,Sony,XQ-BC52,Sony,Xperia 1 III,11718MB,Phone,Qualcomm SM8350,Qualcomm Adreno 660 (840 MHz),1096x2560,420,arm64-v8a;armeabi;armeabi-v7a,33,3.2,0,0.00%,0.00%,0.00%,0.00%
33,2149654528,Sony,XQ-BC62,Sony,Xperia 1 III,11718MB,Phone,Qualcomm SM8350,Qualcomm Adreno 660 (840 MHz),1096x2560,420,arm64-v8a;armeabi;armeabi-v7a,33,3.2,0,0.00%,0.00%,0.00%,0.00%
33,2149654528,Sony,XQ-BC72,Sony,Xperia 1 III,11718MB,Phone,Qualcomm SM8350,Qualcomm Adreno 660 (840 MHz),1096x2560,420,arm64-v8a;armeabi;armeabi-v7a,33,3.2,0,0.00%,0.00%,0.00%,0.00%
33,2149654528,Sony,XQ-BE42,Sony,Xperia PRO-I,11719MB,Phone,Qualcomm SM8350,Qualcomm Adreno 660 (840 MHz),1096x2560,420,arm64-v8a;armeabi;armeabi-v7a,33,3.2,0,0.00%,0.00%,0.00%,0.00%
33,2149654528,Sony,XQ-BE52,Sony,Xperia PRO-I,11719MB,Phone,Qualcomm SM8350,Qualcomm Adreno 660 (840 MHz),1096x2560,420,arm64-v8a;armeabi;armeabi-v7a,33,3.2,0,0.00%,0.00%,0.00%,0.00%
33,2149654528,Sony,XQ-BE62,Sony,Xperia PRO-I,11719MB,Phone,Qualcomm SM8350,Qualcomm Adreno 660 (840 MHz),1096x2560,420,arm64-v8a;armeabi;armeabi-v7a,33,3.2,0,0.00%,0.00%,0.00%,0.00%
33,2149654528,Sony,XQ-BE72,Sony,Xperia PRO-I,11719MB,Phone,Qualcomm SM8350,Qualcomm Adreno 660 (840 MHz),1096x2560,420,arm64-v8a;armeabi;armeabi-v7a,33,3.2,0,0.00%,0.00%,0.00%,0.00%
33,2149654528,Sony,XQ-BQ42,Sony,Xperia 5 III,7547MB,Phone,Qualcomm SM8350,Qualcomm Adreno 660 (840 MHz),1080x2520,420,arm64-v8a;armeabi;armeabi-v7a,33,3.2,0,0.00%,0.00%,0.00%,0.00%
33,2149654528,Sony,XQ-BQ52,Sony,Xperia 5 III,7547MB,Phone,Qualcomm SM8350,Qualcomm Adreno 660 (840 MHz),1080x2520,420,arm64-v8a;armeabi;armeabi-v7a,33,3.2,0,0.00%,0.00%,0.00%,0.00%
33,2149654528,Sony,XQ-BQ62,Sony,Xperia 5 III,7547MB,Phone,Qualcomm SM8350,Qualcomm Adreno 660 (840 MHz),1080x2520,420,arm64-v8a;armeabi;armeabi-v7a,33,3.2,0,0.00%,0.00%,0.00%,0.00%
33,2149654528,Sony,XQ-BQ72,Sony,Xperia 5 III,7547MB,Phone,Qualcomm SM8350,Qualcomm Adreno 660 (840 MHz),1080x2520,420,arm64-v8a;armeabi;armeabi-v7a,33,3.2,0,0.00%,0.00%,0.00%,0.00%
32,2149654528,surface,duo2,Surface,Surface Duo 2,7619MB,Phone,Qualcomm SM8350,Qualcomm Adreno 660 (840 MHz),1344x1892,400,arm64-v8a;armeabi;armeabi-v7a,32,3.2,0,0.00%,0.00%,0.00%,0.00%
30,2149654528,VERTU,VTL-202101,Vertu,VTL-202101,11721MB,Phone,Qualcomm SM8350,Qualcomm Adreno 660 (840 MHz),1080x2400,480,arm64-v8a;armeabi;armeabi-v7a,30,3.2,0,0.00%,0.00%,0.00%,0.00%
34,2149654528,vivo,2047,Vivo,V2047,11849MB,Phone,Qualcomm SM8350,Qualcomm Adreno 660 (840 MHz),1080x2376,440,arm64-v8a;armeabi;armeabi-v7a,34,3.2,0,0.00%,0.00%,0.00%,0.00%
34,2149654528,vivo,2114,Vivo,vivo X70 Pro+,11914MB,Phone,Qualcomm SM8350,Qualcomm Adreno 660 (840 MHz),1080x2400,440,arm64-v8a;armeabi;armeabi-v7a,34,3.2,0,0.00%,0.00%,0.00%,0.00%
33,2149654528,vivo,PD2049,Vivo,V2049A,11903MB,Phone,Qualcomm SM8350,Qualcomm Adreno 660 (840 MHz),1080x2400,480,arm64-v8a;armeabi;armeabi-v7a,33,3.2,0,0.00%,0.00%,0.00%,0.00%
33,2149654528,vivo,PD2056,Vivo,V2056A,11914MB,Phone,Qualcomm SM8350,Qualcomm Adreno 660 (840 MHz),1080x2376,480,arm64-v8a;armeabi;armeabi-v7a,33,3.2,0,0.00%,0.00%,0.00%,0.00%
34,2149654528,vivo,PD2136,Vivo,V2136A,11848MB,Phone,Qualcomm SM8350,Qualcomm Adreno 660 (840 MHz),1080x2376,480,arm64-v8a;armeabi;armeabi-v7a,34,3.2,0,0.00%,0.00%,0.00%,0.00%
34,2149654528,vivo,PD2141,Vivo,V2141A,11849MB,Phone,Qualcomm SM8350,Qualcomm Adreno 660 (840 MHz),1080x2400,480,arm64-v8a;armeabi;armeabi-v7a,34,3.2,0,0.00%,0.00%,0.00%,0.00%
34,2149654528,vivo,PD2145,Vivo,V2145A,11849MB,Phone,Qualcomm SM8350,Qualcomm Adreno 660 (840 MHz),1080x2400,480,arm64-v8a;armeabi;armeabi-v7a,34,3.2,0,0.00%,0.00%,0.00%,0.00%
33,2149654528,vivo,PD2154,Vivo,iQOO Neo5S,11849MB,Phone,Qualcomm SM8350,Qualcomm Adreno 660 (840 MHz),1080x2400,480,arm64-v8a;armeabi;armeabi-v7a,33,3.2,0,0.00%,0.00%,0.00%,0.00%
33,2149654528,Xiaomi,haydn,Xiaomi,Mi 11i,7650MB,Phone,Qualcomm SM8350,Qualcomm Adreno 660 (840 MHz),1080x2400,440,arm64-v8a;armeabi;armeabi-v7a,33,3.2,0,0.00%,0.00%,0.00%,0.00%
33,2149654528,Xiaomi,haydnin,Xiaomi,Mi 11X Pro,7650MB,Phone,Qualcomm SM8350,Qualcomm Adreno 660 (840 MHz),1080x2400,440,arm64-v8a;armeabi;armeabi-v7a,33,3.2,0,0.00%,0.00%,0.00%,0.00%
33,2149654528,Xiaomi,mars,Xiaomi,Mi 11 Pro,11742MB,Phone,Qualcomm SM8350,Qualcomm Adreno 660 (840 MHz),1440x3200,560,arm64-v8a;armeabi;armeabi-v7a,33,3.2,0,0.00%,0.00%,0.00%,0.00%
33,2149654528,Xiaomi,odin,Xiaomi,MIX 4,11741MB,Phone,Qualcomm SM8350,Qualcomm Adreno 660 (840 MHz),1080x2400,440,arm64-v8a;armeabi;armeabi-v7a,33,3.2,0,0.00%,0.00%,0.00%,0.00%
33,2149654528,Xiaomi,star,Xiaomi,Mi 11 Ultra,11742MB,Phone,Qualcomm SM8350,Qualcomm Adreno 660 (840 MHz),1440x3200,560,arm64-v8a;armeabi;armeabi-v7a,33,3.2,0,0.00%,0.00%,0.00%,0.00%
33,2149654528,Xiaomi,venus,Xiaomi,Mi 11,7602-7606MB,Phone,Qualcomm SM8350,Qualcomm Adreno 660 (840 MHz),1440x3200,560,arm64-v8a;armeabi;armeabi-v7a,31;33,3.2,0,0.00%,0.00%,0.00%,0.00%
33,2149654528,Xiaomi,vili,Xiaomi,Xiaomi 11T Pro,4508-11742MB,Phone,Qualcomm SM8350,Qualcomm Adreno 660 (840 MHz),1080x2400;900x1600,240;440,arm64-v8a;armeabi;armeabi-v7a,28;30;31;33,3.2,0,0.00%,0.00%,0.00%,0.00%
33,2149654528,ZTE,P875A02,ZTE,ZTE Axon 30 5G,7548MB,Phone,Qualcomm SM8350,Qualcomm Adreno 660 (840 MHz),1080x2400,480,arm64-v8a;armeabi;armeabi-v7a,33,3.2,0,0.00%,0.00%,0.00%,0.00%
31,2149654528,ZTE,P875A11,ZTE,ZTE Axon 30 Ultra 5G,11720MB,Phone,Qualcomm SM8350,Qualcomm Adreno 660 (840 MHz),1080x2400,480,arm64-v8a;armeabi;armeabi-v7a,31,3.2,0,0.00%,0.00%,0.00%,0.00%
31,2149654528,ZTE,P875A12,ZTE,ZTE Axon 30 Pro 5G,7548MB,Phone,Qualcomm SM8350,Qualcomm Adreno 660 (840 MHz),1080x2400,480,arm64-v8a;armeabi;armeabi-v7a,31,3.2,0,0.00%,0.00%,0.00%,0.00%
34,2150252544,POCO,marble,POCO,POCO F5,7530-11719MB,Phone,QTI SM7475,Qualcomm Adreno 725 (580 MHz),1080x2400,440,arm64-v8a;armeabi;armeabi-v7a,33;34,3.2,0,0.00%,0.00%,0.00%,0.00%
34,2150252544,POCO,marblein,Redmi,POCO F5,7530MB,Phone,QTI SM7475,Qualcomm Adreno 725 (580 MHz),1080x2400,440,arm64-v8a;armeabi;armeabi-v7a,34,3.2,0,0.00%,0.00%,0.00%,0.00%
34,2150252544,realme,RE58D1L1,realme,realme GT Neo 5 SE,16037MB,Phone,QTI SM7475,Qualcomm Adreno 725 (580 MHz),1240x2772,560,arm64-v8a;armeabi;armeabi-v7a,34,3.2,0,0.00%,0.00%,0.00%,0.00%
34,2150252544,Redmi,marble,Redmi,Redmi Note 12 Turbo,11702-15888MB,Phone,QTI SM7475,Qualcomm Adreno 725 (580 MHz),1080x2400,440,arm64-v8a;armeabi;armeabi-v7a,33;34,3.2,0,0.00%,0.00%,0.00%,0.00%
34,2150252544,asus,ASUS_AI2205,Asus,ROG Phone 7 series,15934MB,Phone,QTI SM8550,Qualcomm Adreno 730 (818 MHz),1080x2448,420,arm64-v8a;armeabi;armeabi-v7a,34,3.2,0,0.00%,0.00%,0.00%,0.00%
34,2150252544,asus,ASUS_AI2302,Asus,Zenfone 10,7566MB,Phone,QTI SM8550,Qualcomm Adreno 730 (818 MHz),1080x2400,440,arm64-v8a;armeabi;armeabi-v7a,34,3.2,0,0.00%,0.00%,0.00%,0.00%
34,2150252544,DOCOMO,SH-51D,Sharp,AQUOS R8 pro,11750MB,Phone,QTI SM8550,Qualcomm Adreno 730 (818 MHz),1260x2730,480,arm64-v8a;armeabi;armeabi-v7a,34,3.2,0,0.00%,0.00%,0.00%,0.00%
34,2150252544,DOCOMO,SH-52C,Sharp,AQUOS R7,11618MB,Phone,QTI SM8450,Qualcomm Adreno 730 (818 MHz),1260x2730,480,arm64-v8a;armeabi;armeabi-v7a,34,3.2,0,0.00%,0.00%,0.00%,0.00%
34,2150252544,DOCOMO,SH-52D,Sharp,AQUOS R8,7566MB,Phone,QTI SM8550,Qualcomm Adreno 730 (818 MHz),1080x2340,420,arm64-v8a;armeabi;armeabi-v7a,34,3.2,0,0.00%,0.00%,0.00%,0.00%
34,2150252544,docomo,SO-51C,Sony,Xperia 1 IV,11610MB,Phone,QTI SM8450,Qualcomm Adreno 730 (818 MHz),1096x2560,420,arm64-v8a;armeabi;armeabi-v7a,34,3.2,0,0.00%,0.00%,0.00%,0.00%
34,2150252544,docomo,SO-51D,Sony,Xperia 1 V,11744MB,Phone,QTI SM8550,Qualcomm Adreno 730 (818 MHz),1096x2560,420,arm64-v8a;armeabi;armeabi-v7a,34,3.2,0,0.00%,0.00%,0.00%,0.00%
34,2150252544,docomo,SO-53D,Sony,Xperia 5 V,7560MB,Phone,QTI SM8550,Qualcomm Adreno 730 (818 MHz),1080x2520,450,arm64-v8a;armeabi;armeabi-v7a,34,3.2,0,0.00%,0.00%,0.00%,0.00%
34,2150252544,docomo,SO-54C,Sony,Xperia 5 IV,7426-7488MB,Phone,QTI SM8450,Qualcomm Adreno 730 (818 MHz),1080x2520,450,arm64-v8a;armeabi;armeabi-v7a,33;34,3.2,0,0.00%,0.00%,0.00%,0.00%
33,2150252544,HONOR,HNLGE,Honor,HONOR Magic4 Pro,7518MB,Phone,QTI SM8450,Qualcomm Adreno 730 (818 MHz),1312x2848,560,arm64-v8a;armeabi;armeabi-v7a,33,3.2,0,0.00%,0.00%,0.00%,0.00%
34,2150252544,HONOR,HNMAG,Honor,HONOR 90 GT,11845MB,Phone,QTI SM8550,Qualcomm Adreno 730 (818 MHz),1200x2664,524,arm64-v8a;armeabi;armeabi-v7a,34,3.2,0,0.00%,0.00%,0.00%,0.00%
34,2150252544,HONOR,HNMAP,Honor,HONOR 100 Pro,16042MB,Phone,QTI SM8550,Qualcomm Adreno 730 (818 MHz),1224x2700,530,arm64-v8a;armeabi;armeabi-v7a,34,3.2,0,0.00%,0.00%,0.00%,0.00%
33,2150252544,HONOR,HNPGT,Honor,HONOR Magic5,11655MB,Phone,QTI SM8550,Qualcomm Adreno 730 (818 MHz),1312x2848,560,arm64-v8a;armeabi;armeabi-v7a,33,3.2,0,0.00%,0.00%,0.00%,0.00%
33,2150252544,HONOR,HNVER,Honor,HONOR Magic V2,16049MB,Tablet,QTI SM8550,Qualcomm Adreno 730 (818 MHz),2156x2344,480,arm64-v8a;armeabi;armeabi-v7a,33,3.2,0,0.00%,0.00%,0.00%,0.00%
34,2150252544,iQOO,2022,Vivo,iQOO 9 Pro,7666MB,Phone,QTI SM8450,Qualcomm Adreno 730 (818 MHz),1080x2400,440,arm64-v8a;armeabi;armeabi-v7a,34,3.2,0,0.00%,0.00%,0.00%,0.00%
34,2150252544,iQOO,I2212,Vivo,iQOO 11,16047MB,Phone,QTI SM8550,Qualcomm Adreno 730 (818 MHz),1080x2400,440,arm64-v8a;armeabi;armeabi-v7a,34,3.2,0,0.00%,0.00%,0.00%,0.00%
34,2150252544,iQOO,I2304,Vivo,iQOO Neo9 Pro,7657MB,Phone,QTI SM8550,Qualcomm Adreno 730 (818 MHz),1260x2800,480,arm64-v8a;armeabi;armeabi-v7a,34,3.2,0,0.00%,0.00%,0.00%,0.00%
34,2150252544,KDDI,SOG06,Sony,Xperia 1 IV,11610MB,Phone,QTI SM8450,Qualcomm Adreno 730 (818 MHz),1096x2560,420,arm64-v8a;armeabi;armeabi-v7a,34,3.2,0,0.00%,0.00%,0.00%,0.00%
34,2150252544,KDDI,SOG09,Sony,Xperia 5 IV,7426MB,Phone,QTI SM8450,Qualcomm Adreno 730 (818 MHz),1080x2520,450,arm64-v8a;armeabi;armeabi-v7a,34,3.2,0,0.00%,0.00%,0.00%,0.00%
34,2150252544,KDDI,SOG10,Sony,Xperia 1 V,11744MB,Phone,QTI SM8550,Qualcomm Adreno 730 (818 MHz),1096x2560,420,arm64-v8a;armeabi;armeabi-v7a,34,3.2,0,0.00%,0.00%,0.00%,0.00%
34,2150252544,KDDI,SOG12,Sony,Xperia 5 V,7560MB,Phone,QTI SM8550,Qualcomm Adreno 730 (818 MHz),1080x2520,450,arm64-v8a;armeabi;armeabi-v7a,34,3.2,0,0.00%,0.00%,0.00%,0.00%
34,2150252544,meizu,meizu20,Meizu,meizu 20,11774MB,Phone,QTI SM8550,Qualcomm Adreno 730 (818 MHz),1080x2400,450,arm64-v8a;armeabi;armeabi-v7a,34,3.2,0,0.00%,0.00%,0.00%,0.00%
34,2150252544,meizu,meizu20Inf,Meizu,MEIZU 20 Inf,11663MB,Phone,QTI SM8550,Qualcomm Adreno 730 (818 MHz),1368x3192,560,arm64-v8a;armeabi;armeabi-v7a,34,3.2,0,0.00%,0.00%,0.00%,0.00%
34,2150252544,meizu,meizu20Pro,Meizu,meizu 20 Pro,11774MB,Phone,QTI SM8550,Qualcomm Adreno 730 (818 MHz),1080x2400,440,arm64-v8a;armeabi;armeabi-v7a,34,3.2,0,0.00%,0.00%,0.00%,0.00%
34,2150252544,motorola,bronco,Motorola,ThinkPhone by Motorola,7638MB,Phone,QTI SM8450,Qualcomm Adreno 730 (818 MHz),1080x2400,400,arm64-v8a;armeabi;armeabi-v7a,34,3.2,0,0.00%,0.00%,0.00%,0.00%
33,2150252544,motorola,hiphi,Motorola,motorola edge 30 pro,7642-11826MB,Phone,QTI SM8450,Qualcomm Adreno 730 (818 MHz),1080x2400,400,arm64-v8a;armeabi;armeabi-v7a,33,3.2,0,0.00%,0.00%,0.00%,0.00%
33,2150252544,motorola,hiphic,Motorola,moto edge X30,11826MB,Phone,QTI SM8450,Qualcomm Adreno 730 (818 MHz),1080x2400,400,arm64-v8a;armeabi;armeabi-v7a,33,3.2,0,0.00%,0.00%,0.00%,0.00%
34,2150252544,motorola,rtwo,Motorola,motorola edge plus 2023,7659MB,Phone,QTI SM8550,Qualcomm Adreno 730 (818 MHz),1080x2400,400,arm64-v8a;armeabi;armeabi-v7a,34,3.2,0,0.00%,0.00%,0.00%,0.00%
33,2150252544,nubia,NX679J,ZTE,NX679J,11497MB,Phone,QTI SM8450,Qualcomm Adreno 730 (818 MHz),1080x2400,480,arm64-v8a;armeabi;armeabi-v7a,33,3.2,0,0.00%,0.00%,0.00%,0.00%
33,2150252544,nubia,NX679J-EEA,ZTE,NX679J,17769MB,Phone,QTI SM8450,Qualcomm Adreno 730 (818 MHz),1080x2400,480,arm64-v8a;armeabi;armeabi-v7a,33,3.2,0,0.00%,0.00%,0.00%,0.00%
33,2150252544,nubia,NX679J-UN,ZTE,NX679J,17769MB,Phone,QTI SM8450,Qualcomm Adreno 730 (818 MHz),1080x2400,480,arm64-v8a;armeabi;armeabi-v7a,33,3.2,0,0.00%,0.00%,0.00%,0.00%
33,2150252544,nubia,NX709J,ZTE,NX709J,11497MB,Phone,QTI SM8450,Qualcomm Adreno 730 (818 MHz),1080x2400,480,arm64-v8a;armeabi;armeabi-v7a,33,3.2,0,0.00%,0.00%,0.00%,0.00%
33,2150252544,nubia,NX709J-EEA,ZTE,REDMAGIC 7,15694MB,Phone,QTI SM8450,Qualcomm Adreno 730 (818 MHz),1080x2400,480,arm64-v8a;armeabi;armeabi-v7a,33,3.2,0,0.00%,0.00%,0.00%,0.00%
33,2150252544,nubia,NX709J-UN,ZTE,REDMAGIC 7Pro,15694MB,Phone,QTI SM8450,Qualcomm Adreno 730 (818 MHz),1080x2400,480,arm64-v8a;armeabi;armeabi-v7a,33,3.2,0,0.00%,0.00%,0.00%,0.00%
33,2150252544,nubia,NX709S,ZTE,NX709S,15780MB,Phone,QTI SM8450,Qualcomm Adreno 730 (818 MHz),1080x2400,480,arm64-v8a;armeabi;armeabi-v7a,33,3.2,0,0.00%,0.00%,0.00%,0.00%
33,2150252544,nubia,NX709S-EEA,ZTE,NX709S,17855MB,Phone,QTI SM8450,Qualcomm Adreno 730 (818 MHz),1080x2400,480,arm64-v8a;armeabi;armeabi-v7a,33,3.2,0,0.00%,0.00%,0.00%,0.00%
33,2150252544,nubia,NX709S-UN,ZTE,NX709S,17855MB,Phone,QTI SM8450,Qualcomm Adreno 730 (818 MHz),1080x2400,480,arm64-v8a;armeabi;armeabi-v7a,33,3.2,0,0.00%,0.00%,0.00%,0.00%
33,2150252544,nubia,NX729J-EEA,ZTE,NX729J,16012MB,Phone,QTI SM8550,Qualcomm Adreno 730 (818 MHz),1116x2480,480,arm64-v8a;armeabi;armeabi-v7a,33,3.2,0,0.00%,0.00%,0.00%,0.00%
33,2150252544,nubia,NX729J-UN,ZTE,NX729J,16012MB,Phone,QTI SM8550,Qualcomm Adreno 730 (818 MHz),1116x2480,480,arm64-v8a;armeabi;armeabi-v7a,33,3.2,0,0.00%,0.00%,0.00%,0.00%
33,2150252544,nubia,PQ82A01,ZTE,NX711J,11826MB,Phone,QTI SM8550,Qualcomm Adreno 730 (818 MHz),1080x2400,480,arm64-v8a;armeabi;armeabi-v7a,33,3.2,0,0.00%,0.00%,0.00%,0.00%
33,2150252544,nubia,PQ82A02,ZTE,nubia Z50S Pro,11828MB,Phone,QTI SM8550,Qualcomm Adreno 730 (818 MHz),1260x2800,560,arm64-v8a;armeabi;armeabi-v7a,33,3.2,0,0.00%,0.00%,0.00%,0.00%
33,2150252544,nubia,PQ82A11,ZTE,nubia Z50 Ultra,11826MB,Phone,QTI SM8550,Qualcomm Adreno 730 (818 MHz),1116x2480,480,arm64-v8a;armeabi;armeabi-v7a,33,3.2,0,0.00%,0.00%,0.00%,0.00%
34,2150252544,OnePlus,OP516EL1,OnePlus,OnePlus 10 Pro,11762MB,Phone,QTI SM8450,Qualcomm Adreno 730 (818 MHz),1440x3216,480,arm64-v8a;armeabi;armeabi-v7a,34,3.2,0,0.00%,0.00%,0.00%,0.00%
34,2150252544,OnePlus,OP591BL1,OnePlus,OnePlus 11 5G 中国版,15918MB,Phone,QTI SM8550,Qualcomm Adreno 730 (818 MHz),1440x3216,480,arm64-v8a;armeabi;armeabi-v7a,34,3.2,0,0.00%,0.00%,0.00%,0.00%
34,2150252544,OnePlus,OP5943L1,OnePlus,Oneplus Ace 2 Pro,15919MB,Phone,QTI SM8550,Qualcomm Adreno 730 (818 MHz),1240x2772,560,arm64-v8a;armeabi;armeabi-v7a,34,3.2,0,0.00%,0.00%,0.00%,0.00%
34,2150252544,OnePlus,OP594DL1,OnePlus,OnePlus 11 5G,7538-15918MB,Phone,QTI SM8550,Qualcomm Adreno 730 (818 MHz),1440x3216,480,arm64-v8a;armeabi;armeabi-v7a,34,3.2,0,0.00%,0.00%,0.00%,0.00%
34,2150252544,OnePlus,OP5973L1,OnePlus,Open,15919MB,Tablet,QTI SM8550,Qualcomm Adreno 730 (818 MHz),2268x2440,520,arm64-v8a;armeabi;armeabi-v7a,34,3.2,0,0.00%,0.00%,0.00%,0.00%
34,2150252544,OnePlus,OP5CF9L1,OnePlus,OnePlus Ace 3,15919MB,Phone,QTI SM8550,Qualcomm Adreno 730 (818 MHz),1264x2780,560,arm64-v8a;armeabi;armeabi-v7a,34,3.2,0,0.00%,0.00%,0.00%,0.00%
34,2150252544,OnePlus,OP5D35L1,OnePlus,OnePlus 12R,7539-15919MB,Phone,QTI SM8550,Qualcomm Adreno 730 (818 MHz),1264x2780,560,arm64-v8a;armeabi;armeabi-v7a,34,3.2,0,0.00%,0.00%,0.00%,0.00%
34,2150252544,OPPO,OP528BL1,Oppo,Find X6 Pro,15918MB,Phone,QTI SM8550,Qualcomm Adreno 730 (818 MHz),1440x3216,480,arm64-v8a;armeabi;armeabi-v7a,34,3.2,0,0.00%,0.00%,0.00%,0.00%
34,2150252544,OPPO,OP52D1L1,Oppo,Find X5 Pro,11762MB,Phone,QTI SM8450,Qualcomm Adreno 730 (818 MHz),1440x3216,480,arm64-v8a;armeabi;armeabi-v7a,34,3.2,0,0.00%,0.00%,0.00%,0.00%
34,2150252544,OPPO,OP55F3L1,Oppo,Find N3,11722MB,Tablet,QTI SM8550,Qualcomm Adreno 730 (818 MHz),2268x2440,520,arm64-v8a;armeabi;armeabi-v7a,34,3.2,0,0.00%,0.00%,0.00%,0.00%
34,2150252544,OPPO,OP56BBL1,Oppo,Find N3,15918MB,Tablet,QTI SM8550,Qualcomm Adreno 730 (818 MHz),2268x2440,520,arm64-v8a;armeabi;armeabi-v7a,34,3.2,0,0.00%,0.00%,0.00%,0.00%
34,2150252544,POCO,ingres,POCO,POCO F4 GT,7555-11739MB,Phone,QTI SM8450,Qualcomm Adreno 730 (818 MHz),1080x2400,440,arm64-v8a;armeabi;armeabi-v7a,34,3.2,0,0.00%,0.00%,0.00%,0.00%
34,2150252544,realme,RE547F,realme,真我GT 2 Pro	,11762MB,Phone,QTI SM8450,Qualcomm Adreno 730 (818 MHz),1440x3216,480,arm64-v8a;armeabi;armeabi-v7a,34,3.2,0,0.00%,0.00%,0.00%,0.00%
34,2150252544,realme,RE5C33,realme,realme GT5 240W,15919MB,Phone,QTI SM8550,Qualcomm Adreno 730 (818 MHz),1240x2772,560,arm64-v8a;armeabi;armeabi-v7a,34,3.2,0,0.00%,0.00%,0.00%,0.00%
34,2150252544,realme,RED8ACL1,realme,realme GT 2 Pro	,11762MB,Phone,QTI SM8450,Qualcomm Adreno 730 (818 MHz),1440x3216,480,arm64-v8a;armeabi;armeabi-v7a,34,3.2,0,0.00%,0.00%,0.00%,0.00%
34,2150252544,Redmi,ingres,Redmi,Redmi K50G,11739MB,Phone,QTI SM8450,Qualcomm Adreno 730 (818 MHz),1080x2400,440,arm64-v8a;armeabi;armeabi-v7a,34,3.2,0,0.00%,0.00%,0.00%,0.00%
34,2150252544,Redmi,socrates,Redmi,Redmi K60 Pro,11741MB,Phone,QTI SM8550,Qualcomm Adreno 730 (818 MHz),1440x3200,560,arm64-v8a;armeabi;armeabi-v7a,34,3.2,0,0.00%,0.00%,0.00%,0.00%
34,2150252544,samsung,b0q,Samsung,Galaxy S22 Ultra,4508-11757MB,Phone,QTI SM8450,Qualcomm Adreno 730 (818 MHz),1440x3088;900x1600,240;450,arm64-v8a;armeabi;armeabi-v7a,28;30;31;33;34,3.0;3.2,0,0.00%,0.00%,0.00%,0.00%
34,2150252544,samsung,b5q,Samsung,Galaxy Z Flip5,7505-7529MB,Phone,QTI SM8550,Qualcomm Adreno 730 (818 MHz),1080x2640,480,arm64-v8a;armeabi;armeabi-v7a,33;34,3.2,0,0.00%,0.00%,0.00%,0.00%
34,2150252544,samsung,dm1q,Samsung,Galaxy S23,7400-7425MB,Phone,QTI SM8550,Qualcomm Adreno 730 (818 MHz),1080x2340,480,arm64-v8a;armeabi;armeabi-v7a,33;34,3.2,0,0.00%,0.00%,0.00%,0.00%
34,2150252544,samsung,dm2q,Samsung,Galaxy S23+,7400-7425MB,Phone,QTI SM8550,Qualcomm Adreno 730 (818 MHz),1080x2340,450,arm64-v8a;armeabi;armeabi-v7a,33;34,3.2,0,0.00%,0.00%,0.00%,0.00%
34,2150252544,samsung,dm3q,Samsung,Galaxy S23 Ultra,7399-11602MB,Phone,QTI SM8550,Qualcomm Adreno 730 (818 MHz),1440x3088,450,arm64-v8a;armeabi;armeabi-v7a,33;34,3.2,0,0.00%,0.00%,0.00%,0.00%
34,2150252544,samsung,g0q,Samsung,Galaxy S22+,7571-7580MB,Phone,QTI SM8450,Qualcomm Adreno 730 (818 MHz),1080x2340,450,arm64-v8a;armeabi;armeabi-v7a,31;33;34,3.2,0,0.00%,0.00%,0.00%,0.00%
34,2150252544,samsung,gts8,Samsung,Galaxy Tab S8 5G,7654MB,Tablet,QTI SM8450,Qualcomm Adreno 730 (818 MHz),1600x2560,340,arm64-v8a;armeabi;armeabi-v7a,33;34,3.2,0,0.00%,0.00%,0.00%,0.00%
34,2150252544,samsung,gts8p,Samsung,Galaxy Tab S8+ 5G,7654MB,Tablet,QTI SM8450,Qualcomm Adreno 730 (818 MHz),1752x2800,340,arm64-v8a;armeabi;armeabi-v7a,34,3.2,0,0.00%,0.00%,0.00%,0.00%
34,2150252544,samsung,gts8pwifi,Samsung,Galaxy Tab S8+,7654-11832MB,Tablet,QTI SM8450,Qualcomm Adreno 730 (818 MHz),1752x2800,340,arm64-v8a;armeabi;armeabi-v7a,34,3.2,0,0.00%,0.00%,0.00%,0.00%
34,2150252544,samsung,gts8u,Samsung,Galaxy Tab S8 Ultra 5G,11832MB,Tablet,QTI SM8450,Qualcomm Adreno 730 (818 MHz),1848x2960,320,arm64-v8a;armeabi;armeabi-v7a,34,3.2,0,0.00%,0.00%,0.00%,0.00%
34,2150252544,samsung,gts8uwifi,Samsung,Galaxy Tab S8 Ultra,7654-16024MB,Tablet,QTI SM8450,Qualcomm Adreno 730 (818 MHz),1848x2960,320,arm64-v8a;armeabi;armeabi-v7a,34,3.2,0,0.00%,0.00%,0.00%,0.00%
34,2150252544,samsung,gts8wifi,Samsung,Galaxy Tab S8,7654MB,Tablet,QTI SM8450,Qualcomm Adreno 730 (818 MHz),1600x2560,340,arm64-v8a;armeabi;armeabi-v7a,33;34,3.2,0,0.00%,0.00%,0.00%,0.00%
34,2150252544,samsung,gts9,Samsung,Galaxy Tab S9 5G,7547MB,Tablet,QTI SM8550,Qualcomm Adreno 730 (818 MHz),1600x2560,340,arm64-v8a;armeabi;armeabi-v7a,34,3.2,0,0.00%,0.00%,0.00%,0.00%
34,2150252544,samsung,gts9p,Samsung,Galaxy Tab S9+ 5G,11712MB,Tablet,QTI SM8550,Qualcomm Adreno 730 (818 MHz),1752x2800,340,arm64-v8a;armeabi;armeabi-v7a,34,3.2,0,0.00%,0.00%,0.00%,0.00%
34,2150252544,samsung,gts9pwifi,Samsung,Galaxy Tab S9+,11712-11713MB,Tablet,QTI SM8550,Qualcomm Adreno 730 (818 MHz),1752x2800,340,arm64-v8a;armeabi;armeabi-v7a,34,3.2,0,0.00%,0.00%,0.00%,0.00%
34,2150252544,samsung,gts9u,Samsung,Galaxy Tab S9 Ultra 5G,11712MB,Tablet,QTI SM8550,Qualcomm Adreno 730 (818 MHz),1848x2960,300,arm64-v8a;armeabi;armeabi-v7a,34,3.2,0,0.00%,0.00%,0.00%,0.00%
34,2150252544,samsung,gts9uwifi,Samsung,Galaxy Tab S9 Ultra,11712MB,Tablet,QTI SM8550,Qualcomm Adreno 730 (818 MHz),1848x2960,300,arm64-v8a;armeabi;armeabi-v7a,34,3.2,0,0.00%,0.00%,0.00%,0.00%
34,2150252544,samsung,gts9wifi,Samsung,Galaxy Tab S9,7547-11712MB,Tablet,QTI SM8550,Qualcomm Adreno 730 (818 MHz),1600x2560,340,arm64-v8a;armeabi;armeabi-v7a,34,3.2,0,0.00%,0.00%,0.00%,0.00%
34,2150252544,samsung,q5q,Samsung,Galaxy Z Fold5,11670-11706MB,Tablet,QTI SM8550,Qualcomm Adreno 730 (818 MHz),1812x2176,420,arm64-v8a;armeabi;armeabi-v7a,33;34,3.2,0,0.00%,0.00%,0.00%,0.00%
34,2150252544,samsung,r0q,Samsung,Galaxy S22,7571-7580MB,Phone,QTI SM8450,Qualcomm Adreno 730 (818 MHz),1080x2340,480,arm64-v8a;armeabi;armeabi-v7a,31;33;34,3.2,0,0.00%,0.00%,0.00%,0.00%
34,2150252544,samsung,r11q,Samsung,Galaxy S23 FE,7580MB,Phone,QTI SM8450,Qualcomm Adreno 730 (818 MHz),1080x2340,450,arm64-v8a;armeabi;armeabi-v7a,34,3.2,0,0.00%,0.00%,0.00%,0.00%
34,2150252544,samsung,SC-51C,Samsung,Galaxy S22,7580MB,Phone,QTI SM8450,Qualcomm Adreno 730 (818 MHz),1080x2340,480,arm64-v8a;armeabi;armeabi-v7a,33;34,3.2,0,0.00%,0.00%,0.00%,0.00%
34,2150252544,samsung,SC-51D,Samsung,Galaxy S23,7400-7425MB,Phone,QTI SM8550,Qualcomm Adreno 730 (818 MHz),1080x2340,480,arm64-v8a;armeabi;armeabi-v7a,33;34,3.2,0,0.00%,0.00%,0.00%,0.00%
34,2150252544,samsung,SC-52C,Samsung,Galaxy S22 Ultra,11757MB,Phone,QTI SM8450,Qualcomm Adreno 730 (818 MHz),1440x3088,450,arm64-v8a;armeabi;armeabi-v7a,34,3.2,0,0.00%,0.00%,0.00%,0.00%
34,2150252544,samsung,SC-52D,Samsung,Galaxy S23 Ultra,11565MB,Phone,QTI SM8550,Qualcomm Adreno 730 (818 MHz),1440x3088,450,arm64-v8a;armeabi;armeabi-v7a,34,3.2,0,0.00%,0.00%,0.00%,0.00%
34,2150252544,samsung,SC-54D,Samsung,Galaxy Z Flip5,7506MB,Phone,QTI SM8550,Qualcomm Adreno 730 (818 MHz),1080x2640,480,arm64-v8a;armeabi;armeabi-v7a,34,3.2,0,0.00%,0.00%,0.00%,0.00%
34,2150252544,samsung,SC-55D,Samsung,Galaxy Z Fold5,11670MB,Tablet,QTI SM8550,Qualcomm Adreno 730 (818 MHz),1812x2176,420,arm64-v8a;armeabi;armeabi-v7a,34,3.2,0,0.00%,0.00%,0.00%,0.00%
34,2150252544,samsung,SCG13,Samsung,Galaxy S22,7574-7580MB,Phone,QTI SM8450,Qualcomm Adreno 730 (818 MHz),1080x2340,480,arm64-v8a;armeabi;armeabi-v7a,31;33;34,3.2,0,0.00%,0.00%,0.00%,0.00%
34,2150252544,samsung,SCG14,Samsung,Galaxy S22 Ultra,11757MB,Phone,QTI SM8450,Qualcomm Adreno 730 (818 MHz),1440x3088,450,arm64-v8a;armeabi;armeabi-v7a,34,3.2,0,0.00%,0.00%,0.00%,0.00%
34,2150252544,samsung,SCG19,Samsung,Galaxy S23,7400MB,Phone,QTI SM8550,Qualcomm Adreno 730 (818 MHz),1080x2340,480,arm64-v8a;armeabi;armeabi-v7a,34,3.2,0,0.00%,0.00%,0.00%,0.00%
34,2150252544,samsung,SCG20,Samsung,Galaxy S23 Ultra,11564MB,Phone,QTI SM8550,Qualcomm Adreno 730 (818 MHz),1440x3088,450,arm64-v8a;armeabi;armeabi-v7a,34,3.2,0,0.00%,0.00%,0.00%,0.00%
34,2150252544,samsung,SCG22,Samsung,Galaxy Z Fold5,11670MB,Tablet,QTI SM8550,Qualcomm Adreno 730 (818 MHz),1812x2176,420,arm64-v8a;armeabi;armeabi-v7a,34,3.2,0,0.00%,0.00%,0.00%,0.00%
34,2150252544,samsung,SCG23,Samsung,Galaxy Z Flip5,7505MB,Phone,QTI SM8550,Qualcomm Adreno 730 (818 MHz),1080x2640,480,arm64-v8a;armeabi;armeabi-v7a,34,3.2,0,0.00%,0.00%,0.00%,0.00%
34,2150252544,samsung,SCG24,Samsung,Galaxy S23 FE,7580MB,Phone,QTI SM8450,Qualcomm Adreno 730 (818 MHz),1080x2340,450,arm64-v8a;armeabi;armeabi-v7a,34,3.2,0,0.00%,0.00%,0.00%,0.00%
33,2150252544,SG,Kamille,Sharp,AQUOS R8 pro,11750MB,Phone,QTI SM8550,Qualcomm Adreno 730 (818 MHz),1260x2730,480,arm64-v8a;armeabi;armeabi-v7a,33,3.2,0,0.00%,0.00%,0.00%,0.00%
34,2150252544,SG,KamilleL,Sharp,Leitz Phone 3,11750MB,Phone,QTI SM8550,Qualcomm Adreno 730 (818 MHz),1260x2730,480,arm64-v8a;armeabi;armeabi-v7a,34,3.2,0,0.00%,0.00%,0.00%,0.00%
34,2150252544,SG,Mineva,Sharp,AQUOS R7,11618MB,Phone,QTI SM8450,Qualcomm Adreno 730 (818 MHz),1260x2730,480,arm64-v8a;armeabi;armeabi-v7a,34,3.2,0,0.00%,0.00%,0.00%,0.00%
31,2150252544,SG,MinevaL,Sharp,Leitz Phone 2,11616MB,Phone,QTI SM8450,Qualcomm Adreno 730 (818 MHz),1260x2730,480,arm64-v8a;armeabi;armeabi-v7a,31,3.2,0,0.00%,0.00%,0.00%,0.00%
34,2150252544,SHARP,FaYuiry,Sharp,AQUOS R8,7566MB,Phone,QTI SM8550,Qualcomm Adreno 730 (818 MHz),1080x2340,420,arm64-v8a;armeabi;armeabi-v7a,34,3.2,0,0.00%,0.00%,0.00%,0.00%
34,2150252544,SHARP,Kamille,Sharp,AQUOS R8 pro,11750MB,Phone,QTI SM8550,Qualcomm Adreno 730 (818 MHz),1260x2730,480,arm64-v8a;armeabi;armeabi-v7a,34,3.2,0,0.00%,0.00%,0.00%,0.00%
34,2150252544,Sony,A201SO,Sony,Xperia 1 IV,11610MB,Phone,QTI SM8450,Qualcomm Adreno 730 (818 MHz),1096x2560,420,arm64-v8a;armeabi;armeabi-v7a,34,3.2,0,0.00%,0.00%,0.00%,0.00%
34,2150252544,Sony,A204SO,Sony,Xperia 5 IV,7426MB,Phone,QTI SM8450,Qualcomm Adreno 730 (818 MHz),1080x2520,450,arm64-v8a;armeabi;armeabi-v7a,34,3.2,0,0.00%,0.00%,0.00%,0.00%
34,2150252544,Sony,A301SO,Sony,Xperia 1 V,11744MB,Phone,QTI SM8550,Qualcomm Adreno 730 (818 MHz),1096x2560,420,arm64-v8a;armeabi;armeabi-v7a,34,3.2,0,0.00%,0.00%,0.00%,0.00%
33,2150252544,Sony,PDT-FP1,Sony,PDT-FP1,7560MB,Phone,QTI SM8550,Qualcomm Adreno 730 (818 MHz),1080x2520,450,arm64-v8a;armeabi;armeabi-v7a,33,3.2,0,0.00%,0.00%,0.00%,0.00%
34,2150252544,Sony,XQ-CQ44,Sony,Xperia 5 IV,7426MB,Phone,QTI SM8450,Qualcomm Adreno 730 (818 MHz),1080x2520,450,arm64-v8a;armeabi;armeabi-v7a,34,3.2,0,0.00%,0.00%,0.00%,0.00%
34,2150252544,Sony,XQ-CQ54,Sony,Xperia 5 IV,7426MB,Phone,QTI SM8450,Qualcomm Adreno 730 (818 MHz),1080x2520,450,arm64-v8a;armeabi;armeabi-v7a,34,3.2,0,0.00%,0.00%,0.00%,0.00%
34,2150252544,Sony,XQ-CQ62,Sony,Xperia 5 IV,7426MB,Phone,QTI SM8450,Qualcomm Adreno 730 (818 MHz),1080x2520,450,arm64-v8a;armeabi;armeabi-v7a,34,3.2,0,0.00%,0.00%,0.00%,0.00%
34,2150252544,Sony,XQ-CQ72,Sony,Xperia 5 IV,7426MB,Phone,QTI SM8450,Qualcomm Adreno 730 (818 MHz),1080x2520,450,arm64-v8a;armeabi;armeabi-v7a,34,3.2,0,0.00%,0.00%,0.00%,0.00%
34,2150252544,Sony,XQ-CT44,Sony,Xperia 1 IV,15807MB,Phone,QTI SM8450,Qualcomm Adreno 730 (818 MHz),1096x2560,420,arm64-v8a;armeabi;armeabi-v7a,34,3.2,0,0.00%,0.00%,0.00%,0.00%
34,2150252544,Sony,XQ-CT54,Sony,Xperia 1 IV,11610MB,Phone,QTI SM8450,Qualcomm Adreno 730 (818 MHz),1096x2560,420,arm64-v8a;armeabi;armeabi-v7a,34,3.2,0,0.00%,0.00%,0.00%,0.00%
34,2150252544,Sony,XQ-CT62,Sony,Xperia 1 IV,11610MB,Phone,QTI SM8450,Qualcomm Adreno 730 (818 MHz),1096x2560,420,arm64-v8a;armeabi;armeabi-v7a,34,3.2,0,0.00%,0.00%,0.00%,0.00%
34,2150252544,Sony,XQ-CT72,Sony,Xperia 1 IV,11610MB,Phone,QTI SM8450,Qualcomm Adreno 730 (818 MHz),1096x2560,420,arm64-v8a;armeabi;armeabi-v7a,34,3.2,0,0.00%,0.00%,0.00%,0.00%
34,2150252544,Sony,XQ-DE44,Sony,Xperia 5 V,7560MB,Phone,QTI SM8550,Qualcomm Adreno 730 (818 MHz),1080x2520,450,arm64-v8a;armeabi;armeabi-v7a,34,3.2,0,0.00%,0.00%,0.00%,0.00%
34,2150252544,Sony,XQ-DE54,Sony,Xperia 5 V,7560MB,Phone,QTI SM8550,Qualcomm Adreno 730 (818 MHz),1080x2520,450,arm64-v8a;armeabi;armeabi-v7a,34,3.2,0,0.00%,0.00%,0.00%,0.00%
34,2150252544,Sony,XQ-DE72,Sony,Xperia 5 V,7560MB,Phone,QTI SM8550,Qualcomm Adreno 730 (818 MHz),1080x2520,450,arm64-v8a;armeabi;armeabi-v7a,34,3.2,0,0.00%,0.00%,0.00%,0.00%
34,2150252544,Sony,XQ-DQ44,Sony,Xperia 1 V,15940MB,Phone,QTI SM8550,Qualcomm Adreno 730 (818 MHz),1096x2560,420,arm64-v8a;armeabi;armeabi-v7a,34,3.2,0,0.00%,0.00%,0.00%,0.00%
34,2150252544,Sony,XQ-DQ54,Sony,Xperia 1 V,11744MB,Phone,QTI SM8550,Qualcomm Adreno 730 (818 MHz),1096x2560,420,arm64-v8a;armeabi;armeabi-v7a,34,3.2,0,0.00%,0.00%,0.00%,0.00%
34,2150252544,Sony,XQ-DQ62,Sony,Xperia 1 V,11744MB,Phone,QTI SM8550,Qualcomm Adreno 730 (818 MHz),1096x2560,420,arm64-v8a;armeabi;armeabi-v7a,34,3.2,0,0.00%,0.00%,0.00%,0.00%
34,2150252544,Sony,XQ-DQ72,Sony,Xperia 1 V,11744MB,Phone,QTI SM8550,Qualcomm Adreno 730 (818 MHz),1096x2560,420,arm64-v8a;armeabi;armeabi-v7a,34,3.2,0,0.00%,0.00%,0.00%,0.00%
31,2150252544,VERTU,VTL-202201,Vertu,VTL-202201,11718MB,Phone,QTI SM8450,Qualcomm Adreno 730 (818 MHz),1080x2400,480,arm64-v8a;armeabi;armeabi-v7a,31,3.2,0,0.00%,0.00%,0.00%,0.00%
34,2150252544,vivo,PD2170,Vivo,vivo X Note,11824MB,Phone,QTI SM8450,Qualcomm Adreno 730 (818 MHz),1080x2310,480,arm64-v8a;armeabi;armeabi-v7a,34,3.2,0,0.00%,0.00%,0.00%,0.00%
34,2150252544,vivo,PD2171,Vivo,V2171A,11823MB,Phone,QTI SM8450,Qualcomm Adreno 730 (818 MHz),1080x2400,480,arm64-v8a;armeabi;armeabi-v7a,34,3.2,0,0.00%,0.00%,0.00%,0.00%
34,2150252544,vivo,PD2172,Vivo,V2172A,11823MB,Phone,QTI SM8450,Qualcomm Adreno 730 (818 MHz),1080x2400,480,arm64-v8a;armeabi;armeabi-v7a,34,3.2,0,0.00%,0.00%,0.00%,0.00%
34,2150252544,vivo,PD2178,Vivo,vivo X Fold,11824MB,Tablet,QTI SM8450,Qualcomm Adreno 730 (818 MHz),1916x2160,480,arm64-v8a;armeabi;armeabi-v7a,34,3.2,0,0.00%,0.00%,0.00%,0.00%
34,2150252544,vivo,PD2185,Vivo,vivo X80 Pro,11824MB,Phone,QTI SM8450,Qualcomm Adreno 730 (818 MHz),1080x2400,480,arm64-v8a;armeabi;armeabi-v7a,34,3.2,0,0.00%,0.00%,0.00%,0.00%
33,2150252544,vivo,PD2196,Vivo,iQOO Neo6,11823MB,Phone,QTI SM8450,Qualcomm Adreno 730 (818 MHz),1080x2400,480,arm64-v8a;armeabi;armeabi-v7a,33,3.2,0,0.00%,0.00%,0.00%,0.00%
34,2150252544,vivo,PD2227,Vivo,vivo X90 Pro+,11776MB,Phone,QTI SM8550,Qualcomm Adreno 730 (818 MHz),1080x2400,480,arm64-v8a;armeabi;armeabi-v7a,34,3.2,0,0.00%,0.00%,0.00%,0.00%
34,2150252544,vivo,PD2243,Vivo,iQOO 11,15972MB,Phone,QTI SM8550,Qualcomm Adreno 730 (818 MHz),1080x2400,480,arm64-v8a;armeabi;armeabi-v7a,34,3.2,0,0.00%,0.00%,0.00%,0.00%
34,2150252544,vivo,PD2254,Vivo,iQOO 11 Pro,15972MB,Phone,QTI SM8550,Qualcomm Adreno 730 (818 MHz),1080x2400,480,arm64-v8a;armeabi;armeabi-v7a,34,3.2,0,0.00%,0.00%,0.00%,0.00%
34,2150252544,vivo,PD2266,Vivo,vivo X Fold2,11777MB,Tablet,QTI SM8550,Qualcomm Adreno 730 (818 MHz),1916x2160,480,arm64-v8a;armeabi;armeabi-v7a,34,3.2,0,0.00%,0.00%,0.00%,0.00%
34,2150252544,vivo,PD2303,Vivo,vivo X Fold3,15956MB,Tablet,QTI SM8550,Qualcomm Adreno 730 (818 MHz),2200x2480,520,arm64-v8a;armeabi;armeabi-v7a,34,3.2,0,0.00%,0.00%,0.00%,0.00%
34,2150252544,vivo,PD2304,Vivo,iQOO 11S,15972MB,Phone,QTI SM8550,Qualcomm Adreno 730 (818 MHz),1080x2400,480,arm64-v8a;armeabi;armeabi-v7a,34,3.2,0,0.00%,0.00%,0.00%,0.00%
34,2150252544,vivo,PD2338,Vivo,iQOO Neo9,15963MB,Phone,QTI SM8550,Qualcomm Adreno 730 (818 MHz),1260x2800,560,arm64-v8a;armeabi;armeabi-v7a,34,3.2,0,0.00%,0.00%,0.00%,0.00%
34,2150252544,vivo,V2145,Vivo,X80 Pro,11851MB,Phone,QTI SM8450,Qualcomm Adreno 730 (818 MHz),1080x2400,440,arm64-v8a;armeabi;armeabi-v7a,34,3.2,0,0.00%,0.00%,0.00%,0.00%
34,2150252544,Xiaomi,babylon,Xiaomi,Xiaomi MIX Fold 3,15937MB,Tablet,QTI SM8550,Qualcomm Adreno 730 (818 MHz),1916x2160,440,arm64-v8a;armeabi;armeabi-v7a,34,3.2,0,0.00%,0.00%,0.00%,0.00%
34,2150252544,Xiaomi,cupid,Xiaomi,Xiaomi 12,7534-11739MB,Phone,QTI SM8450,Qualcomm Adreno 730 (818 MHz),1080x2400,440,arm64-v8a;armeabi;armeabi-v7a,33;34,3.2,0,0.00%,0.00%,0.00%,0.00%
34,2150252544,Xiaomi,fuxi,Xiaomi,Xiaomi 13,7557-11741MB,Phone,QTI SM8550,Qualcomm Adreno 730 (818 MHz),1080x2400,440,arm64-v8a;armeabi;armeabi-v7a,34,3.2,0,0.00%,0.00%,0.00%,0.00%
34,2150252544,Xiaomi,ishtar,Xiaomi,Xiaomi 13 Ultra,15937MB,Phone,QTI SM8550,Qualcomm Adreno 730 (818 MHz),1440x3200,560,arm64-v8a;armeabi;armeabi-v7a,34,3.2,0,0.00%,0.00%,0.00%,0.00%
34,2150252544,Xiaomi,nuwa,Xiaomi,Xiaomi 13 Pro,11741MB,Phone,QTI SM8550,Qualcomm Adreno 730 (818 MHz),1440x3200,560,arm64-v8a;armeabi;armeabi-v7a,34,3.2,0,0.00%,0.00%,0.00%,0.00%
34,2150252544,Xiaomi,zeus,Xiaomi,Xiaomi 12 Pro,11739MB,Phone,QTI SM8450,Qualcomm Adreno 730 (818 MHz),1440x3200,560,arm64-v8a;armeabi;armeabi-v7a,34,3.2,0,0.00%,0.00%,0.00%,0.00%
33,2150252544,ZTE,P898A01,ZTE,ZTE A2023P,11721MB,Phone,QTI SM8450,Qualcomm Adreno 730 (818 MHz),1116x2480,480,arm64-v8a;armeabi;armeabi-v7a,33,3.2,0,0.00%,0.00%,0.00%,0.00%
33,2150252544,ZTE,P898A11,ZTE,Z40 Pro,11721MB,Phone,QTI SM8450,Qualcomm Adreno 730 (818 MHz),1080x2400,480,arm64-v8a;armeabi;armeabi-v7a,33,3.2,0,0.00%,0.00%,0.00%,0.00%
31,2150252544,ZTE,P898F01,ZTE,ZTE A2023PG,11721MB,Phone,QTI SM8450,Qualcomm Adreno 730 (818 MHz),1116x2480,480,arm64-v8a;armeabi;armeabi-v7a,31,3.2,0,0.00%,0.00%,0.00%,0.00%
34,2150252544,asus,ASUS_AI2201,Asus,ROG Phone 6 series,11787-15983MB,Phone,QTI SM8475,Qualcomm Adreno 730 (900 MHz),1080x2448,420,arm64-v8a;armeabi;armeabi-v7a,34,3.2,0,0.00%,0.00%,0.00%,0.00%
34,2150252544,asus,ASUS_AI2202,Asus,Zenfone 9,7602MB,Phone,QTI SM8475,Qualcomm Adreno 730 (900 MHz),1080x2400,440,arm64-v8a;armeabi;armeabi-v7a,34,3.2,0,0.00%,0.00%,0.00%,0.00%
33,2150252544,HONOR,HNFRI,Honor,HONOR Magic Vs,11850MB,Tablet,QTI SM8475,Qualcomm Adreno 730 (900 MHz),1984x2272,480,arm64-v8a;armeabi;armeabi-v7a,33,3.2,0,0.00%,0.00%,0.00%,0.00%
34,2150252544,iQOO,I2201,Vivo,iQOO 9T,7689MB,Phone,QTI SM8475,Qualcomm Adreno 730 (900 MHz),1080x2400,440,arm64-v8a;armeabi;armeabi-v7a,34,3.2,0,0.00%,0.00%,0.00%,0.00%
34,2150252544,iQOO,I2217,Vivo,iQOO Neo7 Pro,7689-11872MB,Phone,QTI SM8475,Qualcomm Adreno 730 (900 MHz),1080x2400,440,arm64-v8a;armeabi;armeabi-v7a,34,3.2,0,0.00%,0.00%,0.00%,0.00%
34,2150252544,motorola,eqs,Motorola,motorola edge 30 ultra,11822MB,Phone,QTI SM8475,Qualcomm Adreno 730 (900 MHz),1080x2400,400,arm64-v8a;armeabi;armeabi-v7a,34,3.2,0,0.00%,0.00%,0.00%,0.00%
33,2150252544,motorola,oneli,Motorola,motorola razr 2022,7638MB,Phone,QTI SM8475,Qualcomm Adreno 730 (900 MHz),1080x2400,400,arm64-v8a;armeabi;armeabi-v7a,33,3.2,0,0.00%,0.00%,0.00%,0.00%
33,2150252544,motorola,zeekr,Motorola,motorola razr plus 2023,7638MB,Phone,QTI SM8475,Qualcomm Adreno 730 (900 MHz),1080x2640,420,arm64-v8a;armeabi;armeabi-v7a,33,3.2,0,0.00%,0.00%,0.00%,0.00%
34,2150252544,Nothing,Pong,Nothing,Nothing Phone (2),11807MB,Phone,QTI SM8475,Qualcomm Adreno 730 (900 MHz),1080x2412,420,arm64-v8a;armeabi;armeabi-v7a,34,3.2,0,0.00%,0.00%,0.00%,0.00%
33,2150252544,nubia,NX679S,ZTE,NX679S,11581MB,Phone,QTI SM8475,Qualcomm Adreno 730 (900 MHz),1080x2400,480,arm64-v8a;armeabi;armeabi-v7a,33,3.2,0,0.00%,0.00%,0.00%,0.00%
33,2150252544,nubia,P898A21,ZTE,NX702J,11804MB,Phone,QTI SM8475,Qualcomm Adreno 730 (900 MHz),1080x2400,480,arm64-v8a;armeabi;armeabi-v7a,33,3.2,0,0.00%,0.00%,0.00%,0.00%
33,2150252544,nubia,P898P02,ZTE,NP01J,11865MB,Tablet,QTI SM8475,Qualcomm Adreno 730 (900 MHz),1600x2560,320,arm64-v8a;armeabi;armeabi-v7a,33,3.2,0,0.00%,0.00%,0.00%,0.00%
34,2150252544,OnePlus,OP5552L1,OnePlus,OnePlus 10T 5G,4294-15958MB,Phone,QTI SM8475,Qualcomm Adreno 730 (900 MHz),1080x2412;720x1280,240;480,arm64-v8a;armeabi;armeabi-v7a,33;34,3.2,0,0.00%,0.00%,0.00%,0.00%
34,2150252544,OnePlus,OP5961L1,OnePlus,OnePlus 11R 5G,7578-18033MB,Phone,QTI SM8475,Qualcomm Adreno 730 (900 MHz),1240x2772,560,arm64-v8a;armeabi;armeabi-v7a,33;34,3.2,0,0.00%,0.00%,0.00%,0.00%
34,2150252544,OPPO,OP55FF,Oppo,PGW110,15958MB,Phone,QTI SM8475,Qualcomm Adreno 730 (900 MHz),1080x2412,480,arm64-v8a;armeabi;armeabi-v7a,34,3.2,0,0.00%,0.00%,0.00%,0.00%
34,2150252544,OPPO,OP564B,Oppo,OPPO Reno10 Pro+ 5G,15958MB,Phone,QTI SM8475,Qualcomm Adreno 730 (900 MHz),1240x2772,560,arm64-v8a;armeabi;armeabi-v7a,34,3.2,0,0.00%,0.00%,0.00%,0.00%
34,2150252544,OPPO,OP56D3L1,Oppo,Reno10 Pro+ 5G,11762MB,Phone,QTI SM8475,Qualcomm Adreno 730 (900 MHz),1240x2772,560,arm64-v8a;armeabi;armeabi-v7a,34,3.2,0,0.00%,0.00%,0.00%,0.00%
34,2150252544,OPPO,OP59EFL1,Oppo,Reno11 Pro,11762MB,Phone,QTI SM8475,Qualcomm Adreno 730 (900 MHz),1240x2772,560,arm64-v8a;armeabi;armeabi-v7a,34,3.2,0,0.00%,0.00%,0.00%,0.00%
34,2150252544,realme,RE5860,realme,realmeGT Neo5 240W,15958MB,Phone,QTI SM8475,Qualcomm Adreno 730 (900 MHz),1240x2772,560,arm64-v8a;armeabi;armeabi-v7a,34,3.2,0,0.00%,0.00%,0.00%,0.00%
34,2150252544,realme,REE2B2L1,realme,realme GT3 240W,15958MB,Phone,QTI SM8475,Qualcomm Adreno 730 (900 MHz),1240x2772,560,arm64-v8a;armeabi;armeabi-v7a,34,3.2,0,0.00%,0.00%,0.00%,0.00%
34,2150252544,Redmi,diting,Xiaomi,Xiaomi 12T Pro,11739MB,Phone,QTI SM8475,Qualcomm Adreno 730 (900 MHz),1220x2712,480,arm64-v8a;armeabi;armeabi-v7a,34,3.2,0,0.00%,0.00%,0.00%,0.00%
34,2150252544,Redmi,mondrian,Redmi,Redmi K60,11739-15936MB,Phone,QTI SM8475,Qualcomm Adreno 730 (900 MHz),1440x3200,560,arm64-v8a;armeabi;armeabi-v7a,34,3.2,0,0.00%,0.00%,0.00%,0.00%
34,2150252544,samsung,b4q,Samsung,Galaxy Z Flip4,7621-7631MB,Phone,QTI SM8475,Qualcomm Adreno 730 (900 MHz),1080x2640,480,arm64-v8a;armeabi;armeabi-v7a,32;33;34,3.2,0,0.00%,0.00%,0.00%,0.00%
34,2150252544,samsung,q4q,Samsung,Galaxy Z Fold4,11798-11807MB,Tablet,QTI SM8475,Qualcomm Adreno 730 (900 MHz),1812x2176,420,arm64-v8a;armeabi;armeabi-v7a,32;33;34,3.2,0,0.00%,0.00%,0.00%,0.00%
34,2150252544,samsung,SC-54C,Samsung,Galaxy Z Flip4,7631MB,Phone,QTI SM8475,Qualcomm Adreno 730 (900 MHz),1080x2640,480,arm64-v8a;armeabi;armeabi-v7a,34,3.2,0,0.00%,0.00%,0.00%,0.00%
34,2150252544,samsung,SC-55C,Samsung,Galaxy Z Fold4,11807MB,Tablet,QTI SM8475,Qualcomm Adreno 730 (900 MHz),1812x2176,420,arm64-v8a;armeabi;armeabi-v7a,34,3.2,0,0.00%,0.00%,0.00%,0.00%
34,2150252544,samsung,SCG16,Samsung,Galaxy Z Fold4,11807MB,Tablet,QTI SM8475,Qualcomm Adreno 730 (900 MHz),1812x2176,420,arm64-v8a;armeabi;armeabi-v7a,34,3.2,0,0.00%,0.00%,0.00%,0.00%
34,2150252544,samsung,SCG17,Samsung,Galaxy Z Flip4,7631MB,Phone,QTI SM8475,Qualcomm Adreno 730 (900 MHz),1080x2640,480,arm64-v8a;armeabi;armeabi-v7a,34,3.2,0,0.00%,0.00%,0.00%,0.00%
34,2150252544,vivo,PD2217,Vivo,iQOO 10,11820MB,Phone,QTI SM8475,Qualcomm Adreno 730 (900 MHz),1080x2400,480,arm64-v8a;armeabi;armeabi-v7a,34,3.2,0,0.00%,0.00%,0.00%,0.00%
34,2150252544,vivo,PD2218,Vivo,iQOO 10 Pro,11821MB,Phone,QTI SM8475,Qualcomm Adreno 730 (900 MHz),1080x2400,480,arm64-v8a;armeabi;armeabi-v7a,34,3.2,0,0.00%,0.00%,0.00%,0.00%
34,2150252544,vivo,PD2229,Vivo,vivo X Fold+,11821MB,Tablet,QTI SM8475,Qualcomm Adreno 730 (900 MHz),1916x2160,480,arm64-v8a;armeabi;armeabi-v7a,34,3.2,0,0.00%,0.00%,0.00%,0.00%
34,2150252544,vivo,PD2256,Vivo,X Flip,11859MB,Phone,QTI SM8475,Qualcomm Adreno 730 (900 MHz),1080x2520,480,arm64-v8a;armeabi;armeabi-v7a,34,3.2,0,0.00%,0.00%,0.00%,0.00%
34,2150252544,vivo,PD2301,Vivo,iQOO Neo8,11820MB,Phone,QTI SM8475,Qualcomm Adreno 730 (900 MHz),1260x2800,560,arm64-v8a;armeabi;armeabi-v7a,34,3.2,0,0.00%,0.00%,0.00%,0.00%
34,2150252544,Xiaomi,diting,Xiaomi,Xiaomi 12T Pro,7534-11739MB,Phone,QTI SM8475,Qualcomm Adreno 730 (900 MHz),1220x2712,480,arm64-v8a;armeabi;armeabi-v7a,33;34,3.2,0,0.00%,0.00%,0.00%,0.00%
34,2150252544,Xiaomi,liuqin,Xiaomi,Xiaomi pad 6 Pro,7928MB,Tablet,QTI SM8475,Qualcomm Adreno 730 (900 MHz),1800x2880,400,arm64-v8a;armeabi;armeabi-v7a,34,3.2,0,0.00%,0.00%,0.00%,0.00%
34,2150252544,Xiaomi,mayfly,Xiaomi,Xiaomi 12S,7555MB,Phone,QTI SM8475,Qualcomm Adreno 730 (900 MHz),1080x2400,440,arm64-v8a;armeabi;armeabi-v7a,34,3.2,0,0.00%,0.00%,0.00%,0.00%
34,2150252544,Xiaomi,thor,Xiaomi,Xiaomi 12S Ultra,11739MB,Phone,QTI SM8475,Qualcomm Adreno 730 (900 MHz),1440x3200,560,arm64-v8a;armeabi;armeabi-v7a,34,3.2,0,0.00%,0.00%,0.00%,0.00%
34,2150252544,Xiaomi,unicorn,Xiaomi,Xiaomi 12S Pro,11739MB,Phone,QTI SM8475,Qualcomm Adreno 730 (900 MHz),1440x3200,560,arm64-v8a;armeabi;armeabi-v7a,34,3.2,0,0.00%,0.00%,0.00%,0.00%
34,2150252544,Xiaomi,yudi,Xiaomi,Xiaomi Pad 6 Max 14,12112MB,Tablet,QTI SM8475,Qualcomm Adreno 730 (900 MHz),1800x2880,360,arm64-v8a;armeabi;armeabi-v7a,34,3.2,0,0.00%,0.00%,0.00%,0.00%
34,2150252544,Xiaomi,zizhan,Xiaomi,Xiaomi MIX Fold 2,11739MB,Tablet,QTI SM8475,Qualcomm Adreno 730 (900 MHz),1914x2160,440,arm64-v8a;armeabi;armeabi-v7a,34,3.2,0,0.00%,0.00%,0.00%,0.00%
33,2150252544,ZTE,P898P01,ZTE,ZTE PA01,11865MB,Tablet,QTI SM8475,Qualcomm Adreno 730 (900 MHz),1600x2560,320,arm64-v8a;armeabi;armeabi-v7a,33,3.2,0,0.00%,0.00%,0.00%,0.00%
34,2150252544,OnePlus,OP5CFBL1,OnePlus,OnePlus Ace 3V,11863MB,Phone,QTI SM7675,Qualcomm Adreno 732 (900 MHz),1240x2772,560,arm64-v8a,34,3.2,0,0.00%,0.00%,0.00%,0.00%
34,2150252544,Redmi,peridot,Redmi,Redmi Turbo 3,11871MB,Phone,QTI SM8635,Qualcomm Adreno 735 (1000 MHz),1220x2712,480,arm64-v8a,34,3.2,0,0.00%,0.00%,0.00%,0.00%
34,2150252544,Xiaomi,chenfeng,Xiaomi,Xiaomi Civi 4,11870MB,Phone,QTI SM8635,Qualcomm Adreno 735 (1000 MHz),1236x2750,480,arm64-v8a,34,3.2,0,0.00%,0.00%,0.00%,0.00%
34,2150252544,HONOR,HNMAA,Honor,HONOR 100,15949MB,Phone,QTI SM7550,Qualcomm Adreno 7series (676 MHz),1200x2664,524,arm64-v8a;armeabi;armeabi-v7a,34,3.2,0,0.00%,0.00%,0.00%,0.00%
34,2150252544,HTC,htc_enodugls,HTC,enodugls_00709,11900MB,Phone,QTI SM7550,Qualcomm Adreno 7series (676 MHz),1080x2436,480,arm64-v8a;armeabi;armeabi-v7a,34,3.2,0,0.00%,0.00%,0.00%,0.00%
34,2150252544,motorola,eqe,Motorola,motorola edge 50 pro,7663MB,Phone,QTI SM7550,Qualcomm Adreno 7series (676 MHz),1080x2400,450,arm64-v8a;armeabi;armeabi-v7a,34,3.2,0,0.00%,0.00%,0.00%,0.00%
34,2150252544,OnePlus,OP5D3FL1,OnePlus,OnePlus Nord CE4,7590MB,Phone,QTI SM7550,Qualcomm Adreno 7series (676 MHz),1080x2412,480,arm64-v8a;armeabi;armeabi-v7a,34,3.2,0,0.00%,0.00%,0.00%,0.00%
34,2150252544,OPPO,OP5A15L1,Oppo,K12 5G,11763MB,Phone,QTI SM7550,Qualcomm Adreno 7series (676 MHz),1080x2412,480,arm64-v8a;armeabi;armeabi-v7a,34,3.2,0,0.00%,0.00%,0.00%,0.00%
34,2150252544,vivo,PD2323,Vivo,vivo S18,11806MB,Phone,QTI SM7550,Qualcomm Adreno 7series (676 MHz),1260x2800,480,arm64-v8a;armeabi;armeabi-v7a,34,3.2,0,0.00%,0.00%,0.00%,0.00%
34,2150252544,vivo,V2318,Vivo,V30,7662-11846MB,Phone,QTI SM7550,Qualcomm Adreno 7series (676 MHz),1260x2800,420,arm64-v8a;armeabi;armeabi-v7a,34,3.2,0,0.00%,0.00%,0.00%,0.00%
34,2150252544,POCO,garnet,POCO,POCO X6 5G,7656-11827MB,Phone,Qualcomm SM7435,Qualcomm Adreno 7series (940 MHz),1220x2712,480,arm64-v8a;armeabi;armeabi-v7a,33;34,3.2,0,0.00%,0.00%,0.00%,0.00%
34,2150252544,realme,RE5C82L1,realme,realme 12 Pro+ 5G,7781-11965MB,Phone,Qualcomm SM7435,Qualcomm Adreno 7series (940 MHz),1080x2412,480,arm64-v8a;armeabi;armeabi-v7a,34,3.2,0,0.00%,0.00%,0.00%,0.00%
34,2150252544,Redmi,dizi,Redmi,Redmi Pad Pro,8107MB,Tablet,Qualcomm SM7435,Qualcomm Adreno 7series (940 MHz),1600x2560,320,arm64-v8a;armeabi;armeabi-v7a,34,3.2,0,0.00%,0.00%,0.00%,0.00%
34,2150252544,Redmi,garnet,Redmi,Redmi Note 13 Pro 5G,7656-11865MB,Phone,Qualcomm SM7435,Qualcomm Adreno 7series (940 MHz),1220x2712,480,arm64-v8a;armeabi;armeabi-v7a,33;34,3.2,0,0.00%,0.00%,0.00%,0.00%
34,2150252544,Redmi,ruan,Redmi,Redmi Pad Pro 5G,7903MB,Tablet,Qualcomm SM7435,Qualcomm Adreno 7series (940 MHz),1600x2560,320,arm64-v8a;armeabi;armeabi-v7a,34,3.2,0,0.00%,0.00%,0.00%,0.00%
34,2150252544,asus,ASUS_AI2401,Asus,ROG Phone 8 series,16044MB,Phone,QTI SM8650,Qualcomm Adreno 830 (903 MHz),1080x2400,420,arm64-v8a,34,3.2,0,0.00%,0.00%,0.00%,0.00%
34,2150531090,HONOR,HNBVL,Honor,HONOR Magic6 Pro,11824MB,Phone,QTI SM8650,Qualcomm Adreno 830 (903 MHz),1280x2800,560,arm64-v8a,34,3.2,0,0.00%,0.00%,0.00%,0.00%
34,2150531090,HONOR,HNBVL-AN00,Honor,HONOR Magic6,16015MB,Phone,QTI SM8650,Qualcomm Adreno 830 (903 MHz),1264x2800,560,arm64-v8a,34,3.2,0,0.00%,0.00%,0.00%,0.00%
34,2150531090,iQOO,I2220,Vivo,iQOO 12,16007MB,Phone,QTI SM8650,Qualcomm Adreno 830 (903 MHz),1260x2800,480,arm64-v8a,34,3.2,0,0.00%,0.00%,0.00%,0.00%
34,2150531090,meizu,meizu21,Meizu,meizu 21,11751MB,Phone,QTI SM8650,Qualcomm Adreno 830 (903 MHz),1080x2340,480,arm64-v8a,34,3.2,0,0.00%,0.00%,0.00%,0.00%
34,2150531090,meizu,meizu21Pro,Meizu,meizu 21 PRO,15947MB,Phone,QTI SM8650,Qualcomm Adreno 830 (903 MHz),1368x3192,480,arm64-v8a,34,3.2,0,0.00%,0.00%,0.00%,0.00%
34,2150531090,nubia,NX769J,ZTE,REDMAGIC 9,16094MB,Phone,QTI SM8650,Qualcomm Adreno 830 (903 MHz),1116x2480,480,arm64-v8a,34,3.2,0,0.00%,0.00%,0.00%,0.00%
34,2150531090,nubia,PQ83A01,ZTE,nubia Z60 Ultra,16094MB,Phone,QTI SM8650,Qualcomm Adreno 830 (903 MHz),1116x2480,480,arm64-v8a,34,3.2,0,0.00%,0.00%,0.00%,0.00%
34,2150531090,OnePlus,OP5929L1,OnePlus,OnePlus 12,15995MB,Phone,QTI SM8650,Qualcomm Adreno 830 (903 MHz),1440x3216,640,arm64-v8a,34,3.2,0,0.00%,0.00%,0.00%,0.00%
34,2150531090,OnePlus,OP595DL1,OnePlus,OnePlus 12,11799-15995MB,Phone,QTI SM8650,Qualcomm Adreno 830 (903 MHz),1440x3216,640,arm64-v8a,34,3.2,0,0.00%,0.00%,0.00%,0.00%
34,2150531090,OPPO,OP565FL1,Oppo,Find X7 Ultra,15995MB,Phone,QTI SM8650,Qualcomm Adreno 830 (903 MHz),1440x3216,640,arm64-v8a,34,3.2,0,0.00%,0.00%,0.00%,0.00%
34,2150531090,realme,RE5C37,realme,realme GT5 Pro,15995MB,Phone,QTI SM8650,Qualcomm Adreno 830 (903 MHz),1264x2780,560,arm64-v8a,34,3.2,0,0.00%,0.00%,0.00%,0.00%
34,2150531090,samsung,e1q,Samsung,Galaxy S24,7444MB,Phone,QTI SM8650,Qualcomm Adreno 830 (903 MHz),1080x2340,480,arm64-v8a,34,3.2,0,0.00%,0.00%,0.00%,0.00%
34,2150531090,samsung,e2q,Samsung,Galaxy S24+,11609MB,Phone,QTI SM8650,Qualcomm Adreno 830 (903 MHz),1440x3120,450,arm64-v8a,34,3.2,0,0.00%,0.00%,0.00%,0.00%
34,2150531090,samsung,e3q,Samsung,Galaxy S24 Ultra,11609MB,Phone,QTI SM8650,Qualcomm Adreno 830 (903 MHz),1440x3120,450,arm64-v8a,34,3.2,0,0.00%,0.00%,0.00%,0.00%
34,2150531090,samsung,SC-51E,Samsung,Galaxy S24,7444MB,Phone,QTI SM8650,Qualcomm Adreno 830 (903 MHz),1080x2340,480,arm64-v8a,34,3.2,0,0.00%,0.00%,0.00%,0.00%
34,2150531090,samsung,SC-52E,Samsung,Galaxy S24 Ultra,11609MB,Phone,QTI SM8650,Qualcomm Adreno 830 (903 MHz),1440x3120,450,arm64-v8a,34,3.2,0,0.00%,0.00%,0.00%,0.00%
34,2150531090,samsung,SCG25,Samsung,Galaxy S24,7444MB,Phone,QTI SM8650,Qualcomm Adreno 830 (903 MHz),1080x2340,480,arm64-v8a,34,3.2,0,0.00%,0.00%,0.00%,0.00%
34,2150531090,samsung,SCG26,Samsung,Galaxy S24 Ultra,11609MB,Phone,QTI SM8650,Qualcomm Adreno 830 (903 MHz),1440x3120,450,arm64-v8a,34,3.2,0,0.00%,0.00%,0.00%,0.00%
34,2150531090,vivo,PD2307,Vivo,iQOO 12,16004MB,Phone,QTI SM8650,Qualcomm Adreno 830 (903 MHz),1260x2800,560,arm64-v8a,34,3.2,0,0.00%,0.00%,0.00%,0.00%
34,2150531090,vivo,PD2329,Vivo,iQOO 12 Pro,16004MB,Phone,QTI SM8650,Qualcomm Adreno 830 (903 MHz),1080x2400,480,arm64-v8a,34,3.2,0,0.00%,0.00%,0.00%,0.00%
34,2150531090,vivo,PD2337,Vivo,X Fold3 Pro,15945MB,Tablet,QTI SM8650,Qualcomm Adreno 830 (903 MHz),2200x2480,520,arm64-v8a,34,3.2,0,0.00%,0.00%,0.00%,0.00%
34,2150531090,Xiaomi,aurora,Xiaomi,Xiaomi 14 Ultra,15957MB,Phone,QTI SM8650,Qualcomm Adreno 830 (903 MHz),1440x3200,560,arm64-v8a,34,3.2,0,0.00%,0.00%,0.00%,0.00%
34,2150531090,Xiaomi,houji,Xiaomi,Xiaomi 14,11750-15946MB,Phone,QTI SM8650,Qualcomm Adreno 830 (903 MHz),1200x2670,480,arm64-v8a,34,3.2,0,0.00%,0.00%,0.00%,0.00%
34,2150531090,Xiaomi,shennong,Xiaomi,Xiaomi 14 Pro,15946MB,Phone,QTI SM8650,Qualcomm Adreno 830 (903 MHz),1440x3200,560,arm64-v8a,34,3.2,0,0.00%,0.00%,0.00%,0.00%
34,0,samsung,a55x,Samsung,Galaxy A55 5G,7794-11994MB,Phone,Samsung s5e8845,Samsung Xclipse 530 (1300 MHz),1080x2340,450,arm64-v8a,34,3.2,0,0.00%,0.00%,0.00%,0.00%
34,0,samsung,e1s,Samsung,Galaxy S24,7580MB,Phone,Samsung s5e9945,Samsung Xclipse 940 (1095 MHz),1080x2340,480,arm64-v8a,34,3.2,0,0.00%,0.00%,0.00%,0.00%
34,0,samsung,e2s,Samsung,Galaxy S24+,11753MB,Phone,Samsung s5e9945,Samsung Xclipse 940 (1095 MHz),1440x3120,450,arm64-v8a,34,3.2,0,0.00%,0.00%,0.00%,0.00%
34,0,google,akita,Google,Pixel 8a,7972MB,Phone,Google Tensor G3,,1080x2400,420,arm64-v8a,34,3.2,0,0.00%,0.00%,0.00%,0.00%
34,0,google,husky,Google,Pixel 8 Pro,12158MB,Phone,Google Tensor G3,,1344x2992,480,arm64-v8a,34,3.2,0,0.00%,0.00%,0.00%,0.00%
34,0,google,shiba,Google,Pixel 8,7972MB,Phone,Google Tensor G3,,1080x2400,420,arm64-v8a,34,3.2,0,0.00%,0.00%,0.00%,0.00%